artist_count,released_year,bpm,danceability_%,valence_%,energy_%,acousticness_%,instrumentalness_%,liveness_%,speechiness_%,in_spotify_playlists,in_spotify_charts,in_apple_playlists,in_apple_charts,key_encoded,mode,popularity
-0.6230716545900549,0.3385845816050259,-0.44738964421584415,0.9600586944773242,0.5355618154716693,0.8914295037795712,-0.848947097514011,0.0,1.2064819178307156,-0.88489767829696,-0.5901242675529329,-0.5115807019497373,-0.5186826394862346,-0.9862665922546436,0.6440823525244289,-1.1682312562117463,0
-0.6230716545900549,-0.021438967928685958,-1.0191604341750424,-0.6827395294470653,-0.6575364884226388,-0.3815051133549679,-0.848947097514011,0.0,-0.2194878738972706,-0.88489767829696,-0.15875473848314411,-0.0004826738984744764,-0.4029367125836023,0.9898746570750356,-0.2798671938214529,0.8559949022787887,0
-0.6230716545900549,0.3385845816050259,-1.233574480409742,-0.7511894554439149,0.27989789320860325,-0.5633529158027593,0.3056791104649422,0.0,0.49349702196672246,0.3548046185306811,-0.4009804476113192,-0.6138003075599898,-0.3103399710614964,1.3851029069409715,-0.2798671938214529,-1.1682312562117463,0
-0.6230716545900549,-0.6514801796126818,-0.518860992960744,-0.40893982545966706,-0.1888192976070178,0.22465422813766972,-1.0413847988438365,0.0,-0.39773409786326885,-0.88489767829696,1.2084522975583127,1.58392121306044,0.23366588538087554,1.1874887820080036,-0.2798671938214529,-1.1682312562117463,1
0.4972817167765908,0.3385845816050259,0.3030595176056037,0.2755594345088286,-1.168864332948771,-1.0482803889968693,-1.0028972585778715,0.0,0.8499894698987189,0.04487904432377084,0.42767978429631326,1.5328114102553139,1.7152137497345696,1.1084431320348165,-0.2798671938214529,0.8559949022787887,1
2.7379884595098822,0.24857869422159795,0.0529097969984544,0.8231588424836251,1.1747216211293343,1.19450917452589,-0.9644097183119064,0.0,-1.110718993727262,-0.5749721040900496,0.21408535668642664,-0.6138003075599898,0.6272020368498255,-0.8084138798149725,0.6440823525244289,-1.1682312562117463,0
1.6176350881432364,0.3385845816050259,0.2673238432331538,0.2755594345088286,1.1321109674188232,-1.4725919280417157,0.7290420533905584,0.0,-0.9324727697612636,1.98191388311696,-0.5720080142028654,-0.5115807019497373,-0.588130195627814,-1.0257894172412372,1.8760150809856049,-1.1682312562117463,0
0.4972817167765908,0.4285904689884539,0.2673238432331538,-0.2720399734659679,-0.6575364884226388,-1.8362875329372983,1.8836682613695117,0.0,1.562974365762712,0.04487904432377084,-0.6249632163030627,-0.15381208231385332,-0.6807269371499198,-0.9072209422814564,-0.8958335580520408,0.8559949022787887,0
0.4972817167765908,0.3385845816050259,0.19585249448825398,1.0285086204741738,-0.40187256615957284,0.6489657671825161,-0.8104595572480459,0.0,2.4542054855927034,-0.42000931698659455,-0.48130006036616385,-0.6138003075599898,-0.4839588614154449,-0.7096068173484885,-1.2038167401673348,-1.1682312562117463,0
-0.6230716545900549,0.3385845816050259,0.4460022150954033,0.9600586944773242,1.9417133879185324,0.7701976354810436,1.8451807211035465,0.0,1.562974365762712,-0.88489767829696,-0.5915178255029381,-0.4093610963394847,-0.5534064175570244,-1.0060280047479404,-0.8958335580520408,0.8559949022787887,0
-0.6230716545900549,-1.4615331660635336,0.8390946331923521,-0.7511894554439149,-1.296696294080304,-1.2301281914446607,1.7682056405716162,0.0,-0.5759803218292671,-1.039860465400415,3.267497512234165,-0.30714149072923214,0.6503512222303519,-0.5317541049088174,-0.8958335580520408,0.8559949022787887,1
-0.6230716545900549,0.15857280683817,0.7676232844474523,0.4124592865025277,0.6207831228926913,0.9520454379288349,0.6520669728586282,0.0,-0.7542265457952654,0.5097674056341363,0.3809322494279573,-0.6138003075599898,1.240655449433777,0.061088269890086394,0.336099170409135,0.8559949022787887,1
-0.6230716545900549,0.4285904689884539,0.5532092382127529,-1.0934390854281628,-0.8279791032646828,-0.6845847841012868,-0.3870966143224297,0.0,1.2064819178307156,-0.42000931698659455,-0.4818068087116203,5.16160740941928,0.30311344152245495,3.0648229688711988,-0.8958335580520408,0.8559949022787887,0
1.6176350881432364,0.3385845816050259,-1.233574480409742,0.07020965651827989,-1.4671389089223479,0.406502030585461,-0.4640716948543599,0.0,-0.5759803218292671,-0.5749721040900496,-0.3914789161340111,2.3505682551373344,-0.588130195627814,1.3258186694610812,0.9520655346397229,-1.1682312562117463,0
6.099048573609819,0.24857869422159795,2.7688210493046466,-0.6142896034502158,1.3451642359713782,-1.1695122572953969,0.34416665073090735,0.0,-0.5759803218292671,-0.11008374277968429,-0.30596513283823795,-0.6138003075599898,0.3146880342127182,0.7329762946621774,0.336099170409135,-1.1682312562117463,0
-0.6230716545900549,0.15857280683817,0.1243811457433542,0.9600586944773242,0.32250854691911424,1.5582047794214726,-0.848947097514011,0.0,1.6520974777457111,-0.88489767829696,0.9571051182119219,-0.2049218851189796,3.1967616140882633,0.8910675946085517,-1.5117999222826288,-1.1682312562117463,1
-0.6230716545900549,0.3385845816050259,2.1613145849729984,-0.1351401214722688,1.5582175045239333,0.4671179647347248,0.34416665073090735,0.0,0.22612768601772507,-0.88489767829696,-0.40718811484316053,-0.6138003075599898,-0.7038761225304464,-1.0060280047479404,-0.8958335580520408,0.8559949022787887,0
0.4972817167765908,0.4285904689884539,-0.0900329004913452,0.7547089164867755,-1.9784667534484799,-2.0787512695343535,-0.23314645325856925,0.0,-0.39773409786326885,-0.5749721040900496,-0.6167285556893957,-0.3582512935343584,-0.5765556029375508,-0.2155715050160687,-0.5878503759367468,0.8559949022787887,0
0.4972817167765908,0.4285904689884539,0.6604162613301027,1.7130078804426694,0.6207831228926913,-0.3815051133549679,-0.3101215337904995,0.0,-0.8433496577782645,1.98191388311696,-0.38185069757033885,4.037191747706502,-0.00940056111465235,3.18339144383098,-1.2038167401673348,0.8559949022787887,0
-0.6230716545900549,-0.5614742922292538,0.0171741226260045,-1.5041386414092601,-1.637581523764392,-0.623968849952023,1.652743019773721,0.0,-0.7542265457952654,-0.7299348911935047,1.6685797952327541,3.6283133252654918,2.1087499012035194,1.3851029069409715,1.260048716755017,-1.1682312562117463,1
-0.6230716545900549,0.3385845816050259,-0.44738964421584415,1.0285086204741738,0.6633937766032023,0.28527016228693347,-1.0413847988438365,0.0,0.04788146205172681,-0.7299348911935047,-0.46571754874337856,0.2550663401271569,-0.17144485877833762,1.345580081954378,0.336099170409135,0.8559949022787887,0
-0.6230716545900549,0.3385845816050259,-0.19723992360869488,-0.2720399734659679,-0.9558110643962159,-0.8058166523998143,0.6135794325926631,0.0,0.6717432459327207,-0.7299348911935047,-0.6173619911212161,-0.6138003075599898,-0.7270253079109729,-0.2353329175093655,-0.2798671938214529,0.8559949022787887,0
0.4972817167765908,0.3385845816050259,-0.7690107135678933,0.4809092124993773,-0.3592619124490618,0.28527016228693347,-0.5795343156522552,0.0,-0.48685720984626796,-0.2650465298831394,0.010245834726576374,0.10173693171177808,0.30311344152245495,-0.6107997548820046,-0.8958335580520408,0.8559949022787887,0
-0.6230716545900549,0.3385845816050259,0.6246805869576527,-0.5458396774533661,0.9190576988662683,-1.1695122572953969,0.6520669728586282,0.0,1.4738512537797128,-0.88489767829696,-0.5490776515709618,0.20395653732203065,-0.4723842687251817,0.6341692321956934,0.9520655346397229,0.8559949022787887,0
-0.6230716545900549,0.3385845816050259,0.7318876100750025,-0.7511894554439149,-0.5297045272911058,-0.5633529158027593,-0.502559235120325,0.0,-0.5759803218292671,0.6647301927375914,-0.2991240301745761,0.6639447625681671,-0.11357189532702144,2.0569909317130626,-0.8958335580520408,0.8559949022787887,0
0.4972817167765908,0.24857869422159795,0.4817378894678532,0.686258990489926,1.3025535822608674,-2.0787512695343535,2.6149315264228483,0.0,-0.39773409786326885,-0.5749721040900496,-0.07096058763281705,-0.460470899144611,0.1526437365490329,0.8120219446353645,0.336099170409135,-1.1682312562117463,0
-0.6230716545900549,0.3385845816050259,0.8033589588199023,-1.7779383453966584,0.5781724691821802,1.436972911122945,-1.0413847988438365,0.0,0.7608663579157199,-0.5749721040900496,-0.6266101484257961,-0.6138003075599898,-0.784898271362289,-0.9467437672680501,0.6440823525244289,0.8559949022787887,0
-0.6230716545900549,0.4285904689884539,-1.5194598753893411,-1.0249891594313132,0.23728723949809225,-0.9876644548476056,2.2685436640291625,0.0,-0.2194878738972706,1.98191388311696,-0.5295678402708891,1.1750427906194298,-0.6112793810083404,-0.5119926924155206,0.336099170409135,0.8559949022787887,0
-0.6230716545900549,-0.2014507426955419,-1.162103131664842,0.4124592865025277,-0.8705897569751938,-1.1695122572953969,2.2300561237631977,0.0,-0.5759803218292671,-0.88489767829696,-0.4097218565704427,-0.6138003075599898,-0.738599900601236,-0.9862665922546436,1.260048716755017,-1.1682312562117463,0
0.4972817167765908,0.3385845816050259,-1.0906317829199423,0.9600586944773242,-0.14620864389650678,0.3458860964361973,-0.5410467753862901,0.0,-0.2194878738972706,-0.2650465298831394,-0.6197690457621342,-0.6138003075599898,-0.7154507152207096,-1.0060280047479404,1.5680318988703108,0.8559949022787887,0
-0.6230716545900549,0.24857869422159795,0.5532092382127529,0.207109508511979,-0.8705897569751938,-1.2301281914446607,2.1915685834972325,0.0,-0.7542265457952654,1.98191388311696,-0.5573123121846288,-0.6138003075599898,-0.2987653783712332,-0.8479367048015661,1.8760150809856049,0.8559949022787887,0
0.4972817167765908,0.3385845816050259,-0.26871127235359465,1.918357658433218,-0.3592619124490618,0.28527016228693347,0.7675295936565235,0.0,-0.7542265457952654,1.98191388311696,-0.35245929353386574,0.7150545653732934,-0.18301945146860085,0.2784638073163511,-0.8958335580520408,-1.1682312562117463,0
-0.6230716545900549,0.3385845816050259,-1.6266668985066908,0.34400936050567815,0.7912257377347353,1.0732773062273624,-0.9644097183119064,0.0,-1.199842105710261,1.2845813411514118,-0.5655469727982959,-0.6138003075599898,-0.7270253079109729,1.5827170318739394,0.6440823525244289,0.8559949022787887,0
-0.6230716545900549,0.4285904689884539,0.2673238432331538,0.8231588424836251,1.8991027342080213,1.3157410428244174,-0.6949969364501506,0.0,-0.7542265457952654,0.04487904432377084,-0.6271168967712525,0.7150545653732934,-0.5997047883180773,1.918661044259985,0.9520655346397229,-1.1682312562117463,0
0.4972817167765908,0.24857869422159795,1.6967508181311497,-0.5458396774533661,-0.14620864389650678,0.7095817013317799,-0.8874346377799761,0.0,-0.6651034338122662,-0.5749721040900496,1.501226154145767,1.226152593424556,4.909801332247222,0.9305904195951453,-1.2038167401673348,0.8559949022787887,1
0.4972817167765908,0.4285904689884539,-1.4122528522719915,-0.6827395294470653,0.19467658578758124,0.4671179647347248,-0.15617137272663906,0.0,0.8499894698987189,-0.5749721040900496,-0.2944366079791041,1.4305918046450612,-0.3103399710614964,3.025300143884605,0.028115988293841057,-1.1682312562117463,0
-0.6230716545900549,0.3385845816050259,1.8396935156209493,-0.6142896034502158,0.19467658578758124,1.1338932403766262,-0.848947097514011,0.0,-0.9324727697612636,-0.7299348911935047,-0.5187994379299399,-0.6138003075599898,-0.41451130527386554,-1.0257894172412372,0.336099170409135,0.8559949022787887,0
-0.6230716545900549,0.24857869422159795,1.55380812064135,-0.7511894554439149,0.7060044303137133,0.1034223598391422,0.03626632860318649,0.0,-0.5759803218292671,1.439544128254867,1.312842456722338,-0.30714149072923214,2.2129212354158887,0.061088269890086394,0.028115988293841057,-1.1682312562117463,1
-0.6230716545900549,0.4285904689884539,-0.0900329004913452,-0.7511894554439149,-1.3393069477908148,-1.2907441255939245,2.3840062848270582,0.0,-0.48685720984626796,-0.7299348911935047,-0.641812598789489,-0.4093610963394847,-0.738599900601236,-0.9072209422814564,-0.2798671938214529,0.8559949022787887,0
0.4972817167765908,0.15857280683817,-1.0548961085474924,0.4809092124993773,0.32250854691911424,1.3763569769736812,-0.9259221780459412,0.0,-0.8433496577782645,-0.5749721040900496,-0.03928881604178997,0.40839574854253574,-0.18301945146860085,-0.19581009252277193,-1.2038167401673348,0.8559949022787887,1
0.4972817167765908,0.24857869422159795,-0.41165396984339425,0.686258990489926,0.9616683525767793,0.1034223598391422,0.1132414091351167,0.0,-0.39773409786326885,-0.88489767829696,1.351355330977027,-0.6138003075599898,3.6365961363182664,0.2587023948230543,0.6440823525244289,0.8559949022787887,1
0.4972817167765908,0.3385845816050259,0.5174735638403031,0.4809092124993773,0.8338363914452463,1.4975888452722088,-0.11768383246067395,0.0,-0.2194878738972706,-0.5749721040900496,-0.0059701123280294895,-0.30714149072923214,0.3957101830445608,0.021565444903492808,0.336099170409135,0.8559949022787887,0
1.6176350881432364,0.4285904689884539,0.16011682011580408,1.0285086204741738,1.6008281582344444,1.2551251086751538,-0.8874346377799761,0.0,0.49349702196672246,-0.42000931698659455,-0.5201929958799452,1.1239329878143036,-0.32191456375175964,0.12037250736997678,-1.5117999222826288,-1.1682312562117463,0
-0.6230716545900549,0.4285904689884539,-1.0906317829199423,0.2755594345088286,-0.4444832198700838,-2.0181353353850895,1.999130882167407,0.0,-0.6651034338122662,-0.5749721040900496,-0.6544813074258999,-0.6138003075599898,-0.784898271362289,-1.0257894172412372,1.5680318988703108,-1.1682312562117463,0
-0.6230716545900549,0.3385845816050259,0.19585249448825398,-0.6142896034502158,0.7060044303137133,1.6188207135707364,-0.9644097183119064,0.0,0.8499894698987189,0.3548046185306811,0.0884117670132312,-0.3582512935343584,0.7082241856816681,0.061088269890086394,-1.2038167401673348,0.8559949022787887,0
-0.6230716545900549,0.4285904689884539,-0.44738964421584415,0.0017597305214303186,1.1321109674188232,1.2551251086751538,-0.9644097183119064,0.0,1.3847281417967137,-0.5749721040900496,-0.280247654306324,4.548289775757764,-0.784898271362289,-1.0257894172412372,-1.5117999222826288,-1.1682312562117463,0
-0.6230716545900549,0.06856691945474201,1.7324864925035997,-1.1618890114250122,-0.5723151810016168,0.9520454379288349,-1.0413847988438365,0.0,-0.7542265457952654,-0.2650465298831394,4.9026477359357115,2.9127760859937233,6.993228016494604,2.9067316689248246,-1.2038167401673348,0.8559949022787887,1
0.4972817167765908,0.3385845816050259,-1.0548961085474924,-0.2720399734659679,-0.7427577958436609,1.3157410428244174,-0.04070875192874373,0.0,0.3152507980007242,1.98191388311696,-0.23717404494252714,0.0506271289066518,-0.33348915644202287,-0.03771879257639757,-1.5117999222826288,-1.1682312562117463,0
3.858341830876528,0.3385845816050259,-0.9834247598025926,0.686258990489926,0.8764470451557573,1.3763569769736812,-0.3870966143224297,0.0,-0.9324727697612636,-0.5749721040900496,-0.4250509940204998,0.20395653732203065,-0.5534064175570244,-0.8676981172948629,-1.2038167401673348,0.8559949022787887,0
0.4972817167765908,0.24857869422159795,0.4102665407229534,0.2755594345088286,-1.594970870053881,-0.19965731090717662,-1.0028972585778715,0.0,0.49349702196672246,1.98191388311696,0.1403534724225156,-0.3582512935343584,0.5346052953277196,-0.7293682298417853,-1.2038167401673348,0.8559949022787887,0
1.6176350881432364,0.4285904689884539,0.2673238432331538,0.13865958251512944,-0.6575364884226388,1.5582047794214726,-1.0028972585778715,0.0,-0.2194878738972706,-0.7299348911935047,-0.4512752208978702,-0.10270227950872703,-0.784898271362289,-1.0257894172412372,-1.5117999222826288,-1.1682312562117463,0
-0.6230716545900549,-0.7414860669961097,-0.9834247598025926,1.1654084724678728,0.024233970945537225,0.7701976354810436,-0.5795343156522552,0.0,-0.9324727697612636,-0.7299348911935047,-0.5964586218711383,1.226152593424556,-0.738599900601236,-0.9665051797613469,0.028115988293841057,-1.1682312562117463,0
-0.6230716545900549,-0.38146251746239784,-1.555195549761791,0.7547089164867755,0.27989789320860325,-1.1695122572953969,0.7675295936565235,0.0,0.04788146205172681,-0.88489767829696,3.525939168416946,-0.6138003075599898,3.416678875203265,1.523432794394049,-0.2798671938214529,0.8559949022787887,1
0.4972817167765908,0.3385845816050259,-0.7690107135678933,-2.257087827374605,-0.8279791032646828,-0.4421210475042317,1.960643341901442,0.0,0.22612768601772507,-0.88489767829696,-0.3053316974064174,0.9194937765937985,-0.09042270994649498,0.8713061821152549,1.5680318988703108,0.8559949022787887,0
-0.6230716545900549,-1.4615331660635336,1.7324864925035997,0.207109508511979,-1.935856099737969,0.5277338988839886,-1.0028972585778715,0.0,1.6520974777457111,1.98191388311696,3.458795012643969,0.459505551347662,2.0740261231327297,0.0413268573967896,-0.2798671938214529,0.8559949022787887,1
-0.6230716545900549,-2.991633251581809,-0.518860992960744,-0.2720399734659679,-1.3393069477908148,-0.5633529158027593,1.7297181003056512,0.0,-1.0215958817442627,-0.42000931698659455,2.104383372325287,-0.6138003075599898,0.5693290733985094,-1.0060280047479404,1.5680318988703108,-1.1682312562117463,1
-0.6230716545900549,0.24857869422159795,-1.0906317829199423,1.6445579544458198,1.1747216211293343,0.1034223598391422,0.1902164896670469,0.0,-0.7542265457952654,1.1296185540479566,-0.02547992362810217,-0.6138003075599898,-0.28719078568096995,-0.6503225798685982,0.6440823525244289,-1.1682312562117463,0
-0.6230716545900549,0.24857869422159795,1.6967508181311497,0.7547089164867755,1.0042790062872904,-1.108896323146133,1.3448426976460002,0.0,-0.48685720984626796,1.98191388311696,-0.5968386831302307,0.2550663401271569,-0.738599900601236,-0.8084138798149725,-0.2798671938214529,-1.1682312562117463,0
-0.6230716545900549,0.3385845816050259,0.6961519357025525,-0.7511894554439149,-0.4870938735805948,-0.623968849952023,1.7297181003056512,0.0,-0.6651034338122662,-0.7299348911935047,-0.3671549955521023,-0.6138003075599898,-0.5534064175570244,-0.9665051797613469,1.8760150809856049,0.8559949022787887,0
-0.6230716545900549,0.3385845816050259,-0.8762177366852429,0.8916087684804747,-1.211474986659282,-0.9876644548476056,-0.502559235120325,0.0,-1.0215958817442627,-0.5749721040900496,-0.15153357456038993,1.0728231850091772,-0.391362119893339,0.2587023948230543,0.9520655346397229,-1.1682312562117463,1
0.4972817167765908,0.4285904689884539,1.982636213110749,0.8231588424836251,0.27989789320860325,0.8308135696303074,0.26719157019897716,0.0,-0.5759803218292671,1.98191388311696,-0.3893252356658212,1.0728231850091772,-0.2640416003004435,0.5551235822225062,-1.2038167401673348,-1.1682312562117463,0
1.6176350881432364,0.4285904689884539,-0.8047463879403431,-0.7511894554439149,0.06684462465604823,-0.5633529158027593,0.9984548352523142,0.0,-0.48685720984626796,-0.7299348911935047,-0.6362383669894683,-0.30714149072923214,-0.7154507152207096,0.3772708697828351,1.260048716755017,0.8559949022787887,0
0.4972817167765908,0.3385845816050259,0.4460022150954033,0.8916087684804747,1.4303855433924004,0.5883498330332523,1.3448426976460002,0.0,-0.8433496577782645,0.04487904432377084,-0.6383920474576582,-0.30714149072923214,-0.6691523444596567,0.5353621697292095,-0.8958335580520408,-1.1682312562117463,0
-0.6230716545900549,0.24857869422159795,2.7688210493046466,-2.257087827374605,-1.1262536792382598,-0.8058166523998143,1.614255479507756,0.0,0.04788146205172681,-0.7299348911935047,-0.09794493702837212,-0.4093610963394847,0.013748624265874117,0.9503518320884421,1.5680318988703108,0.8559949022787887,1
1.6176350881432364,0.24857869422159795,0.6604162613301027,-0.5458396774533661,0.19467658578758124,-0.07842544260864909,-0.5795343156522552,0.0,-1.0215958817442627,1.98191388311696,-0.5130985190435551,-0.6138003075599898,-0.5534064175570244,-0.27485574249595907,-1.2038167401673348,0.8559949022787887,0
-0.6230716545900549,-0.2914566300789699,-1.4479885266444412,-1.3672387894155609,-0.3166512587385508,0.7095817013317799,-0.7334844767161156,0.0,-0.7542265457952654,-0.88489767829696,-0.41428259167955056,-0.6138003075599898,-0.7501744932914993,-1.0257894172412372,1.8760150809856049,0.8559949022787887,0
1.6176350881432364,-7.941957057670347,0.2673238432331538,-0.1351401214722688,-0.10359799018599579,0.9520454379288349,-0.19465891299260416,0.0,-0.9324727697612636,-0.5749721040900496,-0.6178687394666726,-0.6138003075599898,-0.738599900601236,-1.0257894172412372,0.028115988293841057,-1.1682312562117463,0
-0.6230716545900549,0.3385845816050259,-1.3407815035270916,0.4809092124993773,0.40772985434013626,-0.7452007182505505,0.1132414091351167,0.0,0.7608663579157199,0.04487904432377084,-0.40212063138859616,-0.6138003075599898,-0.240892414919917,-0.9665051797613469,0.6440823525244289,-1.1682312562117463,0
-0.6230716545900549,0.3385845816050259,1.6967508181311497,0.2755594345088286,0.32250854691911424,-0.5027369816534955,-0.8874346377799761,0.0,0.8499894698987189,0.5097674056341363,-0.3470117488202091,1.226152593424556,-0.240892414919917,0.2784638073163511,1.260048716755017,-1.1682312562117463,0
-0.6230716545900549,0.3385845816050259,-1.0548961085474924,0.7547089164867755,1.0042790062872904,-0.13904137675791287,-0.8104595572480459,0.0,-0.2194878738972706,-0.42000931698659455,-0.6169819298621239,-0.6138003075599898,-0.7501744932914993,-1.0257894172412372,-0.2798671938214529,0.8559949022787887,0
-0.6230716545900549,0.24857869422159795,-1.233574480409742,-0.9565392334344636,0.15206593207707023,0.5277338988839886,-0.6949969364501506,0.0,-1.2889652176932602,-0.5749721040900496,-0.09743818868291569,-0.6138003075599898,0.43043396111535054,-0.8874595297881597,-1.2038167401673348,0.8559949022787887,0
4.978695202243173,0.3385845816050259,-0.6260680160780937,1.6445579544458198,0.9190576988662683,0.4671179647347248,-0.5410467753862901,0.0,-0.7542265457952654,0.9746557669445016,-0.5424899230800282,-0.6138003075599898,-0.391362119893339,-0.2550943300026623,-0.5878503759367468,-1.1682312562117463,0
-0.6230716545900549,-5.331786323550936,0.4102665407229534,-1.5041386414092601,0.8764470451557573,-2.442446874429936,2.4609813653589883,0.0,0.04788146205172681,-0.7299348911935047,0.1661976380407937,-0.6138003075599898,0.23366588538087554,-1.0060280047479404,-1.2038167401673348,0.8559949022787887,0
0.4972817167765908,0.4285904689884539,0.6246805869576527,1.302308324461572,0.7060044303137133,0.8914295037795712,0.4596292715288027,0.0,-0.5759803218292671,1.98191388311696,-0.6097607659393697,-0.05159247670360075,-0.6575777517693934,-0.7293682298417853,0.028115988293841057,0.8559949022787887,0
1.6176350881432364,0.3385845816050259,0.5532092382127529,-0.6827395294470653,0.8338363914452463,1.0732773062273624,-0.3101215337904995,0.0,-0.2194878738972706,1.98191388311696,-0.36639487303391766,-0.6138003075599898,-0.7038761225304464,-1.0257894172412372,1.8760150809856049,-1.1682312562117463,0
-0.6230716545900549,0.3385845816050259,0.9105659819372519,-1.3672387894155609,-1.5523602163433698,-0.7452007182505505,0.42114173126283755,0.0,1.0282356938647172,-0.5749721040900496,-0.44304056028420313,-0.6138003075599898,-0.3450637491322861,-0.13652585504288153,0.6440823525244289,0.8559949022787887,0
-0.6230716545900549,0.15857280683817,-0.05429722611889529,-1.4356887154124105,0.06684462465604823,0.8308135696303074,-0.15617137272663906,0.0,2.4542054855927034,-0.42000931698659455,0.6620508940699136,-0.5115807019497373,0.754522556442721,1.1282045445281133,-1.2038167401673348,-1.1682312562117463,1
1.6176350881432364,0.3385845816050259,-0.9119534110576928,1.0285086204741738,0.6633937766032023,0.7701976354810436,-0.7334844767161156,0.0,-0.48685720984626796,-0.5749721040900496,-0.49156171436165663,-0.6138003075599898,-0.44923508334465523,-0.5119926924155206,-1.2038167401673348,0.8559949022787887,0
-0.6230716545900549,0.4285904689884539,-0.8047463879403431,0.0017597305214303186,-1.083643025527749,0.406502030585461,0.3826541909968725,0.0,-0.5759803218292671,-0.7299348911935047,-0.5683340886983063,1.58392121306044,-0.49553345410570815,0.7329762946621774,-0.8958335580520408,0.8559949022787887,0
1.6176350881432364,0.4285904689884539,2.4829356543250474,-1.1618890114250122,1.4303855433924004,-0.7452007182505505,-0.6180218559182203,0.0,0.9391125818817181,-0.42000931698659455,-0.5877172129120148,0.10173693171177808,-0.738599900601236,-0.7491296423350822,-1.5117999222826288,0.8559949022787887,0
-0.6230716545900549,0.4285904689884539,0.0886454713709043,0.2755594345088286,1.3451642359713782,1.4975888452722088,-1.0028972585778715,0.0,-0.04124164993127232,0.04487904432377084,-0.6133080043575647,-0.6138003075599898,-0.6460031590791302,0.08084968238338319,1.5680318988703108,-1.1682312562117463,0
-0.6230716545900549,0.3385845816050259,-0.7332750391954433,-0.6142896034502158,-0.9558110643962159,1.8006685160185276,-1.0413847988438365,0.0,-0.7542265457952654,0.3548046185306811,-0.5860702807892815,-0.4093610963394847,-0.3450637491322861,0.9701132445817389,-1.2038167401673348,0.8559949022787887,0
-0.6230716545900549,0.3385845816050259,0.6246805869576527,-0.9565392334344636,-0.01837668276497378,0.3458860964361973,0.8445046741884538,0.0,-0.3086109858802697,-0.88489767829696,-0.5361555687618228,-0.4093610963394847,-0.5997047883180773,0.021565444903492808,0.028115988293841057,0.8559949022787887,0
-0.6230716545900549,0.3385845816050259,2.054107561855649,-0.1351401214722688,0.024233970945537225,0.9520454379288349,-0.848947097514011,0.0,-1.0215958817442627,1.98191388311696,-0.47217859014794805,-0.0004826738984744764,-0.49553345410570815,-0.31437856748255266,-1.2038167401673348,-1.1682312562117463,0
-0.6230716545900549,0.3385845816050259,-0.018561551746445398,0.686258990489926,-1.1262536792382598,-0.13904137675791287,0.26719157019897716,0.0,0.49349702196672246,-0.88489767829696,-0.5087911581071753,-0.6138003075599898,-0.7733236786720258,-0.9269823547747532,1.5680318988703108,0.8559949022787887,0
-0.6230716545900549,-0.11144485531211393,1.7682221668760494,-0.47738975145651663,1.0895003137083124,0.8308135696303074,0.6905545131245933,0.0,-0.48685720984626796,-0.42000931698659455,0.6626843295017342,-0.25603168792410586,0.03689780964640058,0.021565444903492808,0.028115988293841057,0.8559949022787887,1
-0.6230716545900549,0.15857280683817,0.19585249448825398,0.9600586944773242,0.23728723949809225,-0.07842544260864909,0.4981168117947678,0.0,-0.6651034338122662,-0.7299348911935047,0.8582891908479174,-0.2049218851189796,1.391125154407199,0.4563165197560223,1.8760150809856049,-1.1682312562117463,1
-0.6230716545900549,0.06856691945474201,0.2673238432331538,-1.3672387894155609,0.19467658578758124,1.5582047794214726,-1.0413847988438365,0.0,-0.6651034338122662,-0.7299348911935047,-0.32078752194283866,-0.5115807019497373,-0.3450637491322861,4.2307463059757096,-1.5117999222826288,0.8559949022787887,0
-0.6230716545900549,0.15857280683817,-0.48312531858829405,-0.06669019547541924,-1.509749562632859,-0.4421210475042317,-0.6565093961841855,0.0,-0.48685720984626796,-0.88489767829696,0.365349737805172,-0.30714149072923214,-0.2640416003004435,1.2467730194878939,-0.8958335580520408,-1.1682312562117463,1
0.4972817167765908,0.3385845816050259,-1.3765171778995415,0.2755594345088286,-0.5297045272911058,1.3157410428244174,-0.9644097183119064,0.0,2.4542054855927034,1.98191388311696,-0.38907186149309303,-0.6138003075599898,-0.5186826394862346,-1.0060280047479404,-0.8958335580520408,-1.1682312562117463,0
-0.6230716545900549,0.3385845816050259,2.339992956835248,-1.1618890114250122,-0.4444832198700838,-0.8664325865490781,1.614255479507756,0.0,-0.48685720984626796,-0.42000931698659455,-0.5315948336527149,-0.5626905047548635,-0.6923015298401831,-0.7886524673216757,-0.8958335580520408,-1.1682312562117463,0
-0.6230716545900549,0.3385845816050259,-1.6624025728791407,-0.47738975145651663,-1.381917601501326,-2.684910611026991,1.960643341901442,0.0,-0.5759803218292671,-0.5749721040900496,-0.5440101681163975,-0.6138003075599898,-0.7154507152207096,-0.6107997548820046,0.336099170409135,0.8559949022787887,0
-0.6230716545900549,-2.9016273641983807,-0.6260680160780937,-0.888089307437614,0.32250854691911424,1.1338932403766262,-1.0413847988438365,0.0,0.22612768601772507,-0.7299348911935047,0.11146881673149892,-0.6138003075599898,0.5114561099471931,2.886970256431528,1.260048716755017,-1.1682312562117463,1
-0.6230716545900549,0.3385845816050259,-1.162103131664842,0.8916087684804747,0.8338363914452463,0.28527016228693347,-0.9644097183119064,0.0,0.8499894698987189,0.19984183142722597,-0.410101917829535,0.20395653732203065,-0.12514648801728467,1.3258186694610812,0.336099170409135,0.8559949022787887,0
0.4972817167765908,0.4285904689884539,-1.4837242010168912,-0.5458396774533661,-1.083643025527749,-0.2602732450564404,0.7290420533905584,0.0,0.6717432459327207,0.6647301927375914,-0.6236963454394217,-0.5626905047548635,-0.7733236786720258,-0.6305611673753013,0.028115988293841057,0.8559949022787887,0
-0.6230716545900549,0.3385845816050259,-0.0900329004913452,0.4124592865025277,0.5355618154716693,1.2551251086751538,-0.07919629219470883,0.0,2.4542054855927034,-0.88489767829696,-0.3891985485794571,-0.15381208231385332,-0.35663834182254933,0.7132148821688805,-0.5878503759367468,0.8559949022787887,0
-0.6230716545900549,0.06856691945474201,-0.8404820623127931,0.07020965651827989,0.23728723949809225,0.7701976354810436,-0.9644097183119064,0.0,-0.6651034338122662,-0.5749721040900496,1.0456593915804335,-0.5626905047548635,2.0624515304424667,0.3772708697828351,0.6440823525244289,0.8559949022787887,1
0.4972817167765908,0.4285904689884539,-0.8762177366852429,0.4124592865025277,-0.2740406050280398,-0.13904137675791287,0.03626632860318649,0.0,-0.39773409786326885,0.6647301927375914,-0.6353515573849196,-0.460470899144611,-0.7270253079109729,-0.9072209422814564,1.5680318988703108,-1.1682312562117463,0
-0.6230716545900549,0.4285904689884539,-0.8762177366852429,0.07020965651827989,-0.4870938735805948,0.8914295037795712,0.22870402993301203,0.0,1.1173588058477164,-0.42000931698659455,-0.6119144464075595,0.40839574854253574,-0.6460031590791302,-0.7096068173484885,-1.2038167401673348,0.8559949022787887,0
-0.6230716545900549,0.06856691945474201,-0.0900329004913452,-0.47738975145651663,-1.168864332948771,-1.7756715987880345,1.7682056405716162,0.0,1.2064819178307156,-0.88489767829696,-0.4678712292115684,0.10173693171177808,-0.5071080467959714,0.3772708697828351,1.260048716755017,0.8559949022787887,0
-0.6230716545900549,0.3385845816050259,1.6967508181311497,-2.0517380493840567,-1.594970870053881,-2.442446874429936,2.037618422433372,0.0,-0.5759803218292671,-0.7299348911935047,-0.4696448484206659,-0.6138003075599898,-0.7617490859817625,-1.0257894172412372,-1.2038167401673348,-1.1682312562117463,0
-0.6230716545900549,-0.11144485531211393,0.9820373306821517,1.6445579544458198,-0.40187256615957284,-0.2602732450564404,-1.0413847988438365,0.0,-0.7542265457952654,0.5097674056341363,3.547982721444301,-0.5626905047548635,2.5022860526724693,1.227011606994597,-1.2038167401673348,-1.1682312562117463,1
0.4972817167765908,0.4285904689884539,0.4102665407229534,0.0017597305214303186,-1.722802831185414,0.7095817013317799,-0.7334844767161156,0.0,1.1173588058477164,-0.2650465298831394,-0.6072270242120875,-0.6138003075599898,-0.5997047883180773,-0.7293682298417853,-1.5117999222826288,-1.1682312562117463,0
0.4972817167765908,0.15857280683817,-0.6975393648229935,0.207109508511979,1.7286601193659774,1.1338932403766262,-1.0028972585778715,0.0,-0.9324727697612636,-0.42000931698659455,1.3547758823088578,-0.2049218851189796,1.5068710813098314,-0.7688910548283789,0.028115988293841057,-1.1682312562117463,1
0.4972817167765908,0.4285904689884539,-1.5909312241342408,0.2755594345088286,1.2173322748398454,0.04280642568987844,0.921479754720384,0.0,0.4043739099837233,1.98191388311696,-0.4714184676297634,-0.6138003075599898,-0.5186826394862346,-1.0257894172412372,0.6440823525244289,0.8559949022787887,0
0.4972817167765908,0.4285904689884539,-0.018561551746445398,0.7547089164867755,-0.06098733647548478,-0.07842544260864909,-0.0022212116627786187,0.0,-0.7542265457952654,-0.5749721040900496,0.06636821398587636,1.6350310158655663,0.5924782587790358,1.1084431320348165,-0.2798671938214529,-1.1682312562117463,1
-0.6230716545900549,0.24857869422159795,2.054107561855649,-0.1351401214722688,-0.6149258347121278,-0.3815051133549679,-0.9644097183119064,0.0,-1.199842105710261,1.98191388311696,-0.4363261447069054,-0.6138003075599898,-0.3450637491322861,-0.07724161756299115,-0.2798671938214529,0.8559949022787887,0
-0.6230716545900549,0.24857869422159795,-1.0191604341750424,-1.7094884193998088,-0.1888192976070178,-1.7150556646387707,1.8836682613695117,0.0,-0.7542265457952654,-0.5749721040900496,-0.5416031134754794,-0.6138003075599898,-0.5071080467959714,-0.09700303005628795,0.336099170409135,0.8559949022787887,0
0.4972817167765908,0.3385845816050259,-0.518860992960744,-1.5725885674061097,-0.5723151810016168,0.7701976354810436,-0.6949969364501506,0.0,-0.7542265457952654,1.7494697024617774,-0.48548073421617943,-0.6138003075599898,-0.6460031590791302,-1.0060280047479404,0.028115988293841057,-1.1682312562117463,0
0.4972817167765908,0.4285904689884539,0.0886454713709043,0.8916087684804747,1.6008281582344444,1.1338932403766262,0.1517289494010818,0.0,-0.8433496577782645,-0.7299348911935047,-0.5887307096029277,6.899340704793572,-0.28719078568096995,4.17146206849582,-1.5117999222826288,0.8559949022787887,0
0.4972817167765908,-1.7315508282138175,-1.5194598753893411,0.7547089164867755,0.06684462465604823,0.5883498330332523,-0.8874346377799761,0.0,2.4542054855927034,1.9044324895652325,1.5094608147594342,-0.6138003075599898,0.1757929219295594,0.21917956983646072,0.028115988293841057,-1.1682312562117463,1
-0.6230716545900549,0.15857280683817,2.0183718874831986,-0.40893982545966706,1.0468896599978013,-0.8058166523998143,0.1132414091351167,0.0,1.8303437017117095,0.9746557669445016,0.9031364194208117,-0.6138003075599898,2.3981147184601004,-0.6503225798685982,0.6440823525244289,-1.1682312562117463,1
0.4972817167765908,0.3385845816050259,0.3030595176056037,1.6445579544458198,-1.211474986659282,-0.5633529158027593,-1.0028972585778715,0.0,-0.9324727697612636,1.98191388311696,-0.46305711992973225,-0.6138003075599898,-0.5302572321764979,-0.8874595297881597,0.6440823525244289,-1.1682312562117463,0
0.4972817167765908,0.3385845816050259,-0.9119534110576928,1.0969585464710234,-0.1888192976070178,0.9520454379288349,-0.9644097183119064,0.0,0.5826201339497216,0.04487904432377084,-0.25529029829259464,-0.4093610963394847,-0.3450637491322861,0.23894098232975752,-0.5878503759367468,0.8559949022787887,0
-0.6230716545900549,-4.0717039001829445,-1.5194598753893411,-1.9148381973903574,-1.168864332948771,-1.2907441255939245,0.4596292715288027,0.0,0.49349702196672246,-0.88489767829696,-0.6375052378531094,-0.6138003075599898,-0.784898271362289,-1.0257894172412372,-0.8958335580520408,-1.1682312562117463,1
0.4972817167765908,0.4285904689884539,-1.0191604341750424,0.07020965651827989,1.2599429285503563,1.0732773062273624,0.9984548352523142,0.0,-0.7542265457952654,0.6647301927375914,-0.580876110248353,-0.5115807019497373,-0.5302572321764979,0.5946464072090998,-1.5117999222826288,-1.1682312562117463,0
-0.6230716545900549,-0.4714684048458258,-1.3407815035270916,-0.8196393814407644,-0.40187256615957284,-0.6845847841012868,-0.3870966143224297,0.0,0.4043739099837233,-0.88489767829696,3.6210811702763914,0.7150545653732934,0.754522556442721,0.7922605321420677,-0.8958335580520408,0.8559949022787887,1
-0.6230716545900549,0.3385845816050259,-0.9834247598025926,1.3707582504584217,0.23728723949809225,-0.5633529158027593,-0.6565093961841855,0.0,1.0282356938647172,-0.2650465298831394,-0.2242519621333881,1.3283721990348087,-0.2640416003004435,0.3377480447962415,-0.8958335580520408,0.8559949022787887,0
-0.6230716545900549,0.4285904689884539,0.6961519357025525,-1.2303389374218618,-0.14620864389650678,0.16403829398840597,-0.6565093961841855,0.0,0.7608663579157199,-0.88489767829696,-0.6230629100076011,-0.6138003075599898,-0.7154507152207096,-0.7293682298417853,-0.2798671938214529,0.8559949022787887,0
-0.6230716545900549,0.3385845816050259,0.0886454713709043,-0.888089307437614,-1.2540856403697929,0.7095817013317799,-1.0413847988438365,0.0,-0.3086109858802697,-0.88489767829696,-0.5978521798211435,-0.15381208231385332,-0.6691523444596567,0.9503518320884421,-0.8958335580520408,0.8559949022787887,0
-0.6230716545900549,0.3385845816050259,-0.16150424923624498,-1.7094884193998088,-0.8279791032646828,-2.684910611026991,2.5764439861568835,0.0,-0.5759803218292671,-0.7299348911935047,-0.4666043583479273,-0.6138003075599898,-0.4839588614154449,-0.9862665922546436,0.336099170409135,0.8559949022787887,0
-0.6230716545900549,0.4285904689884539,-0.8762177366852429,0.2755594345088286,0.6633937766032023,-0.2602732450564404,-0.3101215337904995,0.0,-0.48685720984626796,-0.88489767829696,-0.475599141479779,-0.0004826738984744764,-0.12514648801728467,0.8910675946085517,0.6440823525244289,0.8559949022787887,0
-0.6230716545900549,-0.9214978417629657,-1.233574480409742,0.8231588424836251,0.6207831228926913,0.04280642568987844,-0.848947097514011,0.0,0.6717432459327207,0.8196929798410465,1.5587420913550722,1.1239329878143036,-0.05569893187570528,-0.2550943300026623,1.5680318988703108,-1.1682312562117463,1
0.4972817167765908,0.4285904689884539,-0.8762177366852429,0.207109508511979,-0.6149258347121278,-0.623968849952023,-0.8104595572480459,0.0,-0.7542265457952654,-0.11008374277968429,-0.5837899132347275,0.10173693171177808,-0.6575777517693934,0.6341692321956934,0.336099170409135,0.8559949022787887,0
-0.6230716545900549,0.24857869422159795,0.6604162613301027,0.8231588424836251,1.3025535822608674,1.3157410428244174,0.03626632860318649,0.0,-1.199842105710261,0.04487904432377084,0.6267051969743274,0.9194937765937985,1.923556418159308,0.3772708697828351,-0.2798671938214529,0.8559949022787887,1
-0.6230716545900549,0.3385845816050259,-0.30444694672604455,0.2755594345088286,1.6434388119449554,1.0126613720780986,0.1517289494010818,0.0,-0.39773409786326885,-0.88489767829696,-0.4180832042704738,-0.5626905047548635,-0.6112793810083404,-1.0060280047479404,1.260048716755017,-1.1682312562117463,0
-0.6230716545900549,0.4285904689884539,-1.4479885266444412,-1.0934390854281628,-1.2540856403697929,-0.6845847841012868,-1.0028972585778715,0.0,-0.2194878738972706,-0.88489767829696,-0.6400389795803916,0.6128349597630408,-0.41451130527386554,0.8120219446353645,0.6440823525244289,0.8559949022787887,0
0.4972817167765908,0.3385845816050259,-1.0191604341750424,1.5076581024521207,0.40772985434013626,0.1034223598391422,-0.3870966143224297,0.0,1.6520974777457111,1.1296185540479566,-0.32294120241102847,0.9194937765937985,-0.5418318248667611,0.061088269890086394,0.6440823525244289,0.8559949022787887,0
-0.6230716545900549,0.4285904689884539,0.16011682011580408,0.8916087684804747,0.9616683525767793,0.7701976354810436,0.34416665073090735,0.0,-0.5759803218292671,-0.7299348911935047,-0.4329055933750745,0.7661643681784197,-0.4839588614154449,1.424625731927565,-0.5878503759367468,-1.1682312562117463,0
-0.6230716545900549,0.4285904689884539,-1.269310154782192,-0.1351401214722688,0.8338363914452463,-0.5027369816534955,-0.8874346377799761,0.0,-0.2194878738972706,1.7494697024617774,-0.5023301167026059,-0.15381208231385332,-0.5534064175570244,-0.8676981172948629,-0.8958335580520408,-1.1682312562117463,0
-0.6230716545900549,0.3385845816050259,-0.8047463879403431,0.8916087684804747,-0.9558110643962159,0.16403829398840597,0.0747538688691516,0.0,-0.48685720984626796,-0.88489767829696,-0.07957530950557641,1.0728231850091772,0.07162158771719028,1.2072501945013003,-0.8958335580520408,-1.1682312562117463,1
1.6176350881432364,0.4285904689884539,-0.9119534110576928,0.8231588424836251,1.7286601193659774,1.4975888452722088,-0.848947097514011,0.0,-1.0215958817442627,-0.5749721040900496,-0.6034264116211643,0.9706035793989247,-0.588130195627814,-0.4527084549356302,0.336099170409135,0.8559949022787887,0
-0.6230716545900549,0.3385845816050259,-0.16150424923624498,-1.5725885674061097,0.024233970945537225,1.8006685160185276,-0.6180218559182203,0.0,-1.199842105710261,1.98191388311696,-0.5682074016119422,-0.6138003075599898,-0.784898271362289,-1.0060280047479404,0.336099170409135,0.8559949022787887,0
2.7379884595098822,0.4285904689884539,0.6246805869576527,-0.2720399734659679,-1.2540856403697929,-0.623968849952023,0.7290420533905584,0.0,-0.48685720984626796,-0.11008374277968429,-0.5256405405936018,0.20395653732203065,-0.42608589796412877,-0.2946171549892559,0.336099170409135,0.8559949022787887,0
-0.6230716545900549,0.15857280683817,-0.16150424923624498,0.07020965651827989,0.40772985434013626,1.0732773062273624,-0.9644097183119064,0.0,2.4542054855927034,-0.88489767829696,0.9486170834255266,0.0506271289066518,1.495296488619568,1.2467730194878939,0.336099170409135,0.8559949022787887,1
-0.6230716545900549,0.4285904689884539,2.7688210493046466,-1.0249891594313132,0.024233970945537225,0.22465422813766972,0.7290420533905584,0.0,-0.2194878738972706,-0.7299348911935047,-0.3522059193611375,0.35728594573740946,-0.18301945146860085,1.0886817195415197,0.028115988293841057,0.8559949022787887,0
-0.6230716545900549,0.24857869422159795,2.054107561855649,-0.5458396774533661,0.7486150840242243,-0.19965731090717662,2.1915685834972325,0.0,2.4542054855927034,1.98191388311696,-0.4313853483387052,-0.6138003075599898,-0.391362119893339,-0.571276929895411,0.6440823525244289,-1.1682312562117463,0
-0.6230716545900549,0.4285904689884539,0.8390946331923521,-1.1618890114250122,0.6633937766032023,1.4975888452722088,-1.0413847988438365,0.0,0.13700457403472593,-0.11008374277968429,-0.6478935789349662,-0.05159247670360075,-0.7501744932914993,-0.37366280496244303,-1.5117999222826288,-1.1682312562117463,0
-0.6230716545900549,0.24857869422159795,-2.0554949909760896,-2.462437605365154,-0.8705897569751938,-2.442446874429936,1.8836682613695117,0.0,-0.3086109858802697,-0.7299348911935047,0.4150110756599024,-0.6138003075599898,0.8123955198940372,1.6024784443672362,0.336099170409135,0.8559949022787887,1
0.4972817167765908,0.06856691945474201,-0.8762177366852429,0.07020965651827989,-0.7853684495541718,-1.2907441255939245,0.42114173126283755,0.0,1.6520974777457111,0.8196929798410465,-0.3287688083837775,-0.6138003075599898,-0.6112793810083404,-0.07724161756299115,0.028115988293841057,-1.1682312562117463,0
-0.6230716545900549,-0.5614742922292538,0.8033589588199023,-0.47738975145651663,-0.3592619124490618,-2.2605990719821447,2.5764439861568835,0.0,-0.3086109858802697,-0.7299348911935047,-0.3522059193611375,-0.05159247670360075,-0.784898271362289,-1.0257894172412372,0.336099170409135,0.8559949022787887,1
0.4972817167765908,0.3385845816050259,0.0886454713709043,1.1654084724678728,0.7912257377347353,0.28527016228693347,-1.0028972585778715,0.0,-1.110718993727262,-0.5749721040900496,0.3240497476504727,0.8172741709835459,1.2175062640532504,0.5353621697292095,-1.2038167401673348,-1.1682312562117463,0
-0.6230716545900549,-0.11144485531211393,0.0886454713709043,0.686258990489926,0.9616683525767793,0.8308135696303074,-0.8874346377799761,0.0,0.49349702196672246,0.3548046185306811,1.7464923533466807,0.5617251569579146,2.1087499012035194,1.3653414944476747,1.5680318988703108,-1.1682312562117463,1
-0.6230716545900549,-0.5614742922292538,2.054107561855649,-2.3255377533714547,-0.5723151810016168,0.406502030585461,-0.2716339935245344,0.0,0.9391125818817181,-0.5749721040900496,2.722996415041228,0.0506271289066518,-0.03254974649517882,0.5946464072090998,1.8760150809856049,0.8559949022787887,1
0.4972817167765908,0.4285904689884539,0.9105659819372519,0.0017597305214303186,1.3451642359713782,0.7095817013317799,0.8060171339224886,0.0,-0.8433496577782645,-0.88489767829696,-0.26732557149718494,1.9416898326963241,-0.391362119893339,3.3612441562706508,-0.8958335580520408,-1.1682312562117463,1
0.4972817167765908,0.24857869422159795,-0.6260680160780937,0.6178090644930764,0.27989789320860325,1.19450917452589,-0.6565093961841855,0.0,-0.39773409786326885,0.19984183142722597,-0.4038942505976937,-0.6138003075599898,0.38413559035429756,-0.7886524673216757,0.6440823525244289,0.8559949022787887,0
-0.6230716545900549,-3.0816391389652367,-0.5545966673331939,0.4809092124993773,1.5582175045239333,0.04280642568987844,0.03626632860318649,0.0,2.4542054855927034,-0.88489767829696,2.1477103558618116,-0.6138003075599898,2.3865401257698373,1.1677273695147068,-1.5117999222826288,-1.1682312562117463,1
-0.6230716545900549,-0.5614742922292538,0.0529097969984544,-0.40893982545966706,-0.4444832198700838,1.0126613720780986,-0.848947097514011,0.0,-0.6651034338122662,-0.88489767829696,1.42052648013183,2.503897663552713,1.1364841152214078,0.6934534696755837,1.5680318988703108,0.8559949022787887,1
-0.6230716545900549,0.3385845816050259,0.2673238432331538,-1.0934390854281628,-0.06098733647548478,0.7095817013317799,0.1132414091351167,0.0,-0.6651034338122662,-0.2650465298831394,-0.5840432874074557,-0.3582512935343584,-0.738599900601236,1.2072501945013003,-0.2798671938214529,-1.1682312562117463,0
-0.6230716545900549,0.4285904689884539,-0.5545966673331939,-0.06669019547541924,-0.1888192976070178,-1.4725919280417157,1.7297181003056512,0.0,-0.5759803218292671,-0.88489767829696,-0.49624913655712866,-0.6138003075599898,-0.12514648801728467,-0.9467437672680501,-1.5117999222826288,-1.1682312562117463,0
3.858341830876528,0.4285904689884539,-0.7690107135678933,1.7130078804426694,0.32250854691911424,-0.8058166523998143,0.5366043520607329,0.0,0.7608663579157199,-0.11008374277968429,-0.6338313123485503,-0.6138003075599898,-0.7501744932914993,-0.8281752923082693,-0.8958335580520408,0.8559949022787887,0
0.4972817167765908,-0.2014507426955419,-1.162103131664842,-0.5458396774533661,0.024233970945537225,-0.9876644548476056,0.42114173126283755,0.0,-0.6651034338122662,0.3548046185306811,-0.4972626332480415,1.021713382204051,-0.6344285663888669,-0.8676981172948629,-0.8958335580520408,-1.1682312562117463,0
0.4972817167765908,0.3385845816050259,-0.8762177366852429,0.7547089164867755,1.3451642359713782,0.6489657671825161,0.5366043520607329,0.0,0.8499894698987189,-0.11008374277968429,-0.5796092393847119,-0.6138003075599898,-0.6691523444596567,-0.9862665922546436,-0.8958335580520408,0.8559949022787887,0
0.4972817167765908,0.4285904689884539,-1.1263674572923923,1.0285086204741738,-0.1888192976070178,-0.13904137675791287,-0.6565093961841855,0.0,-0.6651034338122662,0.9746557669445016,-0.49346202065711825,1.1239329878143036,-0.44923508334465523,-0.5119926924155206,0.9520655346397229,0.8559949022787887,0
0.4972817167765908,0.4285904689884539,0.3745308663505035,0.7547089164867755,1.6434388119449554,1.19450917452589,0.1517289494010818,0.0,-0.9324727697612636,-0.7299348911935047,-0.6219227262303241,-0.2049218851189796,-0.6923015298401831,0.5156007572359126,-0.5878503759367468,-1.1682312562117463,0
-0.6230716545900549,0.3385845816050259,0.3745308663505035,1.918357658433218,1.6860494656554663,1.4975888452722088,-0.8104595572480459,0.0,1.2064819178307156,1.98191388311696,-0.047270102482728796,-0.6138003075599898,0.4188593684250873,-0.6898454048551917,-0.2798671938214529,0.8559949022787887,0
-0.6230716545900549,-4.9717627740172246,2.7688210493046466,-2.8389121983478267,1.0468896599978013,-0.2602732450564404,1.9221558016354767,0.0,-0.48685720984626796,-0.7299348911935047,0.4660659714646381,-0.6138003075599898,1.3216775982656195,1.0886817195415197,0.9520655346397229,0.8559949022787887,0
-0.6230716545900549,-0.6514801796126818,0.9820373306821517,-1.7094884193998088,-1.3393069477908148,1.3157410428244174,-0.23314645325856925,0.0,-0.7542265457952654,0.04487904432377084,0.5306763855103334,1.737250621475819,-0.5071080467959714,1.3851029069409715,-0.2798671938214529,0.8559949022787887,0
0.4972817167765908,0.3385845816050259,0.7676232844474523,1.781457806439519,0.4503405080506473,-0.19965731090717662,-1.0413847988438365,0.0,-0.48685720984626796,1.7494697024617774,-0.5312147723936226,-0.6138003075599898,-0.7154507152207096,-0.9269823547747532,-0.8958335580520408,0.8559949022787887,0
-0.6230716545900549,0.3385845816050259,0.1243811457433542,-0.2720399734659679,0.19467658578758124,-1.2907441255939245,-0.11768383246067395,0.0,-0.48685720984626796,1.98191388311696,-0.47483901896159436,1.1750427906194298,-0.5997047883180773,-0.7293682298417853,-1.2038167401673348,0.8559949022787887,0
-0.6230716545900549,0.4285904689884539,-1.162103131664842,0.4809092124993773,-0.6575364884226388,-0.07842544260864909,-0.04070875192874373,0.0,0.8499894698987189,-0.5749721040900496,-0.6503006335758843,-0.2049218851189796,-0.7038761225304464,-0.8281752923082693,1.260048716755017,-1.1682312562117463,0
0.4972817167765908,-0.021438967928685958,-1.162103131664842,0.6178090644930764,1.6860494656554663,-0.8664325865490781,1.0369423755182794,0.0,-0.9324727697612636,-0.5749721040900496,2.393609990494546,3.37276431123986,3.520850209415634,1.2862958444744876,-0.2798671938214529,0.8559949022787887,1
-0.6230716545900549,-0.2914566300789699,-1.3407815035270916,-0.5458396774533661,-0.7853684495541718,-0.7452007182505505,-0.7719720169820807,0.0,-0.48685720984626796,-0.88489767829696,0.5790708525014227,-0.4093610963394847,-0.2987653783712332,0.3575094572895383,1.5680318988703108,0.8559949022787887,1
-0.6230716545900549,0.24857869422159795,-0.30444694672604455,0.686258990489926,0.5781724691821802,0.4671179647347248,-0.9644097183119064,0.0,-0.9324727697612636,-0.5749721040900496,-0.12695627980575291,1.6350310158655663,0.34941181228350787,1.1084431320348165,-0.8958335580520408,-1.1682312562117463,1
0.4972817167765908,0.3385845816050259,-0.37591829547094435,0.8916087684804747,-1.5523602163433698,-0.623968849952023,-0.6949969364501506,0.0,1.8303437017117095,-0.5749721040900496,-0.5473040323618643,-0.6138003075599898,-0.7501744932914993,-0.8874595297881597,0.6440823525244289,0.8559949022787887,0
-0.6230716545900549,0.4285904689884539,0.5174735638403031,-0.20359004746911838,1.5582175045239333,0.4671179647347248,0.921479754720384,0.0,-0.04124164993127232,-0.5749721040900496,-0.3231945765837567,1.5328114102553139,-0.00940056111465235,0.5353621697292095,0.9520655346397229,-1.1682312562117463,0
-0.6230716545900549,0.3385845816050259,-0.6260680160780937,0.6178090644930764,-0.10359799018599579,-0.5027369816534955,2.037618422433372,0.0,-0.6651034338122662,0.6647301927375914,-0.434679212584172,1.1239329878143036,-0.5997047883180773,-0.6503225798685982,0.336099170409135,-1.1682312562117463,0
-0.6230716545900549,-0.11144485531211393,-0.6260680160780937,0.34400936050567815,-0.7853684495541718,-0.8058166523998143,0.8060171339224886,0.0,-0.7542265457952654,-0.88489767829696,-0.007617044450762897,-0.6138003075599898,0.19894210731008585,1.14796595702141,-1.2038167401673348,0.8559949022787887,1
-0.6230716545900549,0.24857869422159795,0.7676232844474523,-0.5458396774533661,-1.296696294080304,-1.2907441255939245,1.8836682613695117,0.0,-0.6651034338122662,-0.2650465298831394,0.9482370221664344,-0.460470899144611,1.3564013763364091,0.17965674484986716,1.5680318988703108,0.8559949022787887,1
1.6176350881432364,0.4285904689884539,-0.8404820623127931,1.2338583984647225,1.3451642359713782,0.22465422813766972,-0.7719720169820807,0.0,1.6520974777457111,1.7494697024617774,-0.41238228538408894,3.8327525364859967,0.07162158771719028,2.570787656538779,-1.2038167401673348,0.8559949022787887,0
1.6176350881432364,0.15857280683817,-0.9834247598025926,0.686258990489926,-0.4870938735805948,-1.0482803889968693,-0.9644097183119064,0.0,-0.7542265457952654,-0.88489767829696,0.19432217121362574,-0.6138003075599898,-0.240892414919917,-0.7491296423350822,-0.2798671938214529,0.8559949022787887,0
-0.6230716545900549,0.3385845816050259,0.19585249448825398,-1.5041386414092601,-0.7001471421331499,0.22465422813766972,1.960643341901442,0.0,1.9194668136947086,-0.11008374277968429,-0.5683340886983063,-0.6138003075599898,-0.784898271362289,-0.8479367048015661,-1.5117999222826288,0.8559949022787887,0
-0.6230716545900549,0.3385845816050259,-0.018561551746445398,0.207109508511979,1.6860494656554663,0.8914295037795712,-0.9259221780459412,0.0,-0.9324727697612636,0.19984183142722597,-0.09629800490563871,-0.6138003075599898,0.1526437365490329,0.4958393447426158,0.9520655346397229,0.8559949022787887,0
1.6176350881432364,0.4285904689884539,0.5174735638403031,1.1654084724678728,-0.3166512587385508,0.16403829398840597,-0.7334844767161156,0.0,-0.5759803218292671,-0.42000931698659455,-0.5080310355889908,-0.6138003075599898,-0.44923508334465523,-0.9665051797613469,-1.2038167401673348,-1.1682312562117463,0
1.6176350881432364,0.4285904689884539,0.19585249448825398,-0.47738975145651663,-1.211474986659282,1.6188207135707364,-1.0413847988438365,0.0,-0.48685720984626796,-0.88489767829696,-0.11694799998298837,2.7594466775783446,0.8934176687258798,1.1677273695147068,0.9520655346397229,0.8559949022787887,0
-0.6230716545900549,0.3385845816050259,-0.12576857486379509,-1.0934390854281628,-0.01837668276497378,0.1034223598391422,1.5372803989758257,0.0,-0.7542265457952654,1.98191388311696,-0.554018447939162,-0.6138003075599898,-0.7154507152207096,-0.670083992361895,0.9520655346397229,-1.1682312562117463,0
-0.6230716545900549,0.3385845816050259,-0.0900329004913452,0.686258990489926,1.1321109674188232,1.6188207135707364,-0.502559235120325,0.0,1.3847281417967137,0.5097674056341363,-0.580876110248353,-0.6138003075599898,-0.6228539736986037,0.4958393447426158,1.8760150809856049,-1.1682312562117463,0
-0.6230716545900549,0.15857280683817,0.23158816886070388,-0.40893982545966706,0.32250854691911424,-1.108896323146133,1.1139174560502094,0.0,-0.39773409786326885,-0.5749721040900496,0.025068223831177048,-0.4093610963394847,0.4998815172569299,1.4839099694074556,0.336099170409135,0.8559949022787887,1
-0.6230716545900549,0.4285904689884539,-0.018561551746445398,0.07020965651827989,-0.5723151810016168,1.436972911122945,-1.0028972585778715,0.0,-0.8433496577782645,-0.5749721040900496,-0.6124211947530159,0.15284673451690436,-0.5997047883180773,0.9898746570750356,1.260048716755017,-1.1682312562117463,0
0.4972817167765908,0.24857869422159795,-0.7332750391954433,1.5076581024521207,1.0895003137083124,1.0732773062273624,-0.9259221780459412,0.0,-0.04124164993127232,0.3548046185306811,0.3657297990642643,-0.6138003075599898,0.2799642561419285,-0.35390139246914626,0.6440823525244289,0.8559949022787887,1
0.4972817167765908,-1.7315508282138175,-1.0548961085474924,0.9600586944773242,0.06684462465604823,0.8308135696303074,-0.3486090740564646,0.0,-1.0215958817442627,1.98191388311696,3.6442649070810234,-0.6138003075599898,0.8471192979648269,0.5156007572359126,-1.5117999222826288,0.8559949022787887,1
1.6176350881432364,0.06856691945474201,-0.0900329004913452,-0.6142896034502158,-0.3166512587385508,-0.2602732450564404,0.6520669728586282,0.0,-1.110718993727262,-0.42000931698659455,-0.3172402835246436,-0.6138003075599898,-0.2987653783712332,-0.9862665922546436,0.6440823525244289,0.8559949022787887,0
-0.6230716545900549,0.24857869422159795,-0.7332750391954433,0.686258990489926,-1.083643025527749,-0.07842544260864909,1.1908925365821397,0.0,-0.5759803218292671,-0.5749721040900496,-0.3248415087064901,-0.460470899144611,-0.36821293451281256,0.5946464072090998,-0.5878503759367468,-1.1682312562117463,0
0.4972817167765908,0.4285904689884539,-0.8047463879403431,1.302308324461572,0.6633937766032023,0.1034223598391422,-0.502559235120325,0.0,-0.48685720984626796,1.1296185540479566,-0.32813537295195694,1.4305918046450612,-0.28719078568096995,0.9503518320884421,-1.5117999222826288,0.8559949022787887,0
-0.6230716545900549,0.3385845816050259,0.4460022150954033,1.5076581024521207,1.6008281582344444,1.3157410428244174,-0.4255841545883948,0.0,-0.8433496577782645,-0.5749721040900496,-0.5826497294574505,-0.6138003075599898,-0.46080967603491846,0.4167936947694287,-0.8958335580520408,-1.1682312562117463,0
-0.6230716545900549,0.3385845816050259,-0.7332750391954433,0.4124592865025277,0.4503405080506473,0.6489657671825161,-1.0413847988438365,0.0,1.4738512537797128,-0.11008374277968429,-0.35448628691569145,-0.6138003075599898,-0.2640416003004435,-0.9862665922546436,-1.2038167401673348,0.8559949022787887,0
-0.6230716545900549,-3.8916921254160886,-1.8410809447413903,-1.7779383453966584,-1.211474986659282,-1.4725919280417157,-0.0022212116627786187,0.0,1.1173588058477164,-0.5749721040900496,4.422883739874833,-0.460470899144611,2.9305459822122093,2.175559406672843,0.336099170409135,-1.1682312562117463,1
0.4972817167765908,0.3385845816050259,1.267922725661751,-0.1351401214722688,0.8764470451557573,1.8612844501677914,0.1517289494010818,0.0,2.4542054855927034,-0.5749721040900496,-0.4999230620616878,-0.30714149072923214,-0.4839588614154449,0.3377480447962415,-1.2038167401673348,0.8559949022787887,0
-0.6230716545900549,0.4285904689884539,0.6961519357025525,-1.1618890114250122,-1.3393069477908148,-0.017809508459385327,-1.0028972585778715,0.0,-0.48685720984626796,-0.88489767829696,-0.6411791633576686,0.2550663401271569,-0.5997047883180773,0.39703228227613185,-0.2798671938214529,0.8559949022787887,0
0.4972817167765908,0.4285904689884539,0.3745308663505035,0.207109508511979,1.4729961971029113,1.0126613720780986,-0.07919629219470883,0.0,0.6717432459327207,-0.5749721040900496,-0.002042812650742132,1.4817016074501874,0.9975890029382489,0.6341692321956934,-0.8958335580520408,0.8559949022787887,0
1.6176350881432364,0.15857280683817,-0.9834247598025926,1.1654084724678728,-0.10359799018599579,0.4671179647347248,-0.7334844767161156,0.0,-0.2194878738972706,-0.11008374277968429,-0.6243297808712421,-0.4093610963394847,-0.7038761225304464,-0.6107997548820046,-0.8958335580520408,-1.1682312562117463,0
0.4972817167765908,0.4285904689884539,0.9105659819372519,1.5761080284489704,0.9616683525767793,0.22465422813766972,-0.502559235120325,0.0,-0.6651034338122662,1.5945069153583222,-0.4758525156525072,-0.4093610963394847,-0.784898271362289,-1.0257894172412372,-0.5878503759367468,0.8559949022787887,0
0.4972817167765908,0.4285904689884539,-0.0900329004913452,0.8916087684804747,-0.7853684495541718,0.3458860964361973,-0.19465891299260416,0.0,-0.7542265457952654,-0.7299348911935047,-0.5479374677936848,-0.4093610963394847,-0.588130195627814,-0.7688910548283789,0.9520655346397229,-1.1682312562117463,0
-0.6230716545900549,0.3385845816050259,0.19585249448825398,1.0285086204741738,0.40772985434013626,-0.32088917920570414,0.1132414091351167,0.0,-0.48685720984626796,-0.7299348911935047,-0.6281303934621654,-0.6138003075599898,-0.6460031590791302,-0.9862665922546436,1.260048716755017,-1.1682312562117463,0
0.4972817167765908,0.3385845816050259,0.3387951919780536,1.3707582504584217,1.3025535822608674,0.3458860964361973,0.575091892326698,0.0,0.3152507980007242,-0.5749721040900496,-0.19701423856510483,0.15284673451690436,0.5809036660887725,-0.35390139246914626,0.336099170409135,-1.1682312562117463,0
-0.6230716545900549,-0.38146251746239784,0.6246805869576527,-0.6142896034502158,-2.021077407158991,-0.2602732450564404,-0.7719720169820807,0.0,-0.8433496577782645,-0.88489767829696,-0.43379240297962324,0.10173693171177808,-0.7733236786720258,-0.8479367048015661,0.6440823525244289,0.8559949022787887,0
-0.6230716545900549,0.3385845816050259,0.2673238432331538,1.7130078804426694,1.1321109674188232,-0.13904137675791287,-0.3486090740564646,0.0,-1.0215958817442627,0.19984183142722597,0.3056801201276769,1.0728231850091772,1.298528412885093,0.7527377071554742,0.9520655346397229,0.8559949022787887,1
-0.6230716545900549,0.4285904689884539,-0.16150424923624498,0.2755594345088286,0.5781724691821802,0.22465422813766972,-0.8104595572480459,0.0,-1.2889652176932602,-0.2650465298831394,0.8881873432298469,5.263827015029532,2.687479535716681,3.2229142688175734,0.336099170409135,0.8559949022787887,1
-0.6230716545900549,-2.361592039897813,-1.0906317829199423,-0.9565392334344636,-1.680192177474903,-1.8362875329372983,-1.0028972585778715,0.0,-0.48685720984626796,-0.7299348911935047,3.9936678912732337,-0.25603168792410586,0.9049922614161431,0.39703228227613185,0.9520655346397229,0.8559949022787887,1
0.4972817167765908,0.06856691945474201,1.911164864365849,0.5493591384962269,-0.3592619124490618,0.04280642568987844,-0.4640716948543599,0.0,-0.5759803218292671,1.98191388311696,0.15175531019528535,0.9706035793989247,1.2638046348143033,1.1282045445281133,0.9520655346397229,0.8559949022787887,1
0.4972817167765908,-0.5614742922292538,-0.44738964421584415,0.4809092124993773,-0.01837668276497378,0.5883498330332523,-0.9644097183119064,0.0,1.0282356938647172,-0.7299348911935047,1.1329467940853042,-0.4093610963394847,-0.1367210807075479,-0.27485574249595907,1.260048716755017,0.8559949022787887,1
1.6176350881432364,-2.0915743777475293,-1.0906317829199423,0.686258990489926,1.0468896599978013,1.19450917452589,-0.9259221780459412,0.0,1.8303437017117095,-0.7299348911935047,1.7195080039511257,-0.6138003075599898,0.6966495929914048,-0.6898454048551917,0.9520655346397229,0.8559949022787887,0
0.4972817167765908,0.4285904689884539,-0.44738964421584415,-0.06669019547541924,-0.8279791032646828,-1.4725919280417157,2.0761059626993372,0.0,-0.5759803218292671,-0.88489767829696,-0.6133080043575647,-0.5115807019497373,-0.7733236786720258,-1.0257894172412372,0.028115988293841057,-1.1682312562117463,0
-0.6230716545900549,0.24857869422159795,-1.5909312241342408,-1.8463882713935078,-1.893245446027458,-2.139367203683617,1.3448426976460002,0.0,-0.7542265457952654,-0.88489767829696,-0.4117488499522684,-0.6138003075599898,-0.1367210807075479,-0.8676981172948629,0.9520655346397229,0.8559949022787887,0
-0.6230716545900549,0.24857869422159795,1.3393940744066508,-0.47738975145651663,-0.1888192976070178,-0.13904137675791287,-0.9259221780459412,0.0,1.8303437017117095,-0.7299348911935047,-0.535268759157274,-0.6138003075599898,-0.6575777517693934,-1.0257894172412372,-0.2798671938214529,0.8559949022787887,0
-0.6230716545900549,0.3385845816050259,-0.7332750391954433,0.0017597305214303186,0.8764470451557573,0.5883498330332523,0.1132414091351167,0.0,1.6520974777457111,-0.7299348911935047,-0.33953721072472665,-0.4093610963394847,0.2915388488321917,0.8515447696219581,-1.2038167401673348,-1.1682312562117463,0
-0.6230716545900549,-3.0816391389652367,-0.26871127235359465,-0.47738975145651663,-1.211474986659282,-0.4421210475042317,-1.0413847988438365,0.0,0.8499894698987189,-0.88489767829696,1.136240658330771,-0.6138003075599898,1.6341916009027269,-0.43294704244233345,0.336099170409135,0.8559949022787887,0
1.6176350881432364,0.24857869422159795,-1.162103131664842,-0.2720399734659679,-0.10359799018599579,0.22465422813766972,0.42114173126283755,0.0,2.186836149643706,1.439544128254867,1.132566732826212,-0.6138003075599898,1.888832640088518,0.001804032410196014,0.336099170409135,0.8559949022787887,1
-0.6230716545900549,0.24857869422159795,-0.018561551746445398,0.686258990489926,-0.01837668276497378,0.8914295037795712,-0.848947097514011,0.0,-0.13036476191427146,-0.5749721040900496,-0.26631207480627206,-0.6138003075599898,0.4998815172569299,-0.9269823547747532,1.5680318988703108,0.8559949022787887,0
-0.6230716545900549,-0.38146251746239784,1.3393940744066508,-0.1351401214722688,1.8564920804975105,0.9520454379288349,-0.848947097514011,0.0,2.0977130376607067,1.1296185540479566,2.044080319215971,0.0506271289066518,3.0115681310440516,0.3575094572895383,0.9520655346397229,0.8559949022787887,1
0.4972817167765908,-0.021438967928685958,-0.9476890854301427,-0.6827395294470653,-0.9132004106857049,-1.4725919280417157,0.42114173126283755,0.0,0.7608663579157199,-0.88489767829696,1.4487777003910263,-0.0004826738984744764,3.474551838654581,2.037229519219766,0.9520655346397229,0.8559949022787887,1
-0.6230716545900549,-0.11144485531211393,-0.0900329004913452,0.0017597305214303186,-1.850634792316947,-0.623968849952023,-0.0022212116627786187,0.0,-0.8433496577782645,-0.7299348911935047,-0.3114126775518946,-0.6138003075599898,-0.7270253079109729,-1.0060280047479404,0.6440823525244289,0.8559949022787887,0
1.6176350881432364,0.24857869422159795,-0.44738964421584415,0.34400936050567815,0.6633937766032023,0.22465422813766972,-1.0413847988438365,0.0,-0.3086109858802697,-0.7299348911935047,-0.14051179804671252,-0.6138003075599898,0.43043396111535054,-0.9862665922546436,0.336099170409135,-1.1682312562117463,0
0.4972817167765908,0.3385845816050259,-0.30444694672604455,-0.3404898994628175,-1.1262536792382598,-1.2301281914446607,0.921479754720384,0.0,-0.3086109858802697,-0.88489767829696,-0.597218744389323,-0.6138003075599898,-0.6923015298401831,-1.0060280047479404,-0.2798671938214529,-1.1682312562117463,0
-0.6230716545900549,-0.7414860669961097,1.4823367718964504,-1.5041386414092601,-1.168864332948771,-0.13904137675791287,-0.7334844767161156,0.0,-0.13036476191427146,-0.88489767829696,-0.08058880619648928,0.20395653732203065,-0.5071080467959714,0.9701132445817389,0.6440823525244289,0.8559949022787887,0
0.4972817167765908,0.4285904689884539,0.7318876100750025,1.0969585464710234,-1.1262536792382598,0.28527016228693347,-0.8874346377799761,0.0,0.49349702196672246,0.5097674056341363,-0.6316776318803604,-0.6138003075599898,-0.7501744932914993,-0.9665051797613469,-1.5117999222826288,0.8559949022787887,0
0.4972817167765908,-0.2014507426955419,-0.7332750391954433,0.4809092124993773,-0.2740406050280398,1.4975888452722088,-0.848947097514011,0.0,0.7608663579157199,0.6647301927375914,0.27489515814119864,-0.6138003075599898,0.2799642561419285,1.4839099694074556,0.9520655346397229,0.8559949022787887,1
-0.6230716545900549,0.3385845816050259,-0.16150424923624498,-0.7511894554439149,-1.3393069477908148,-0.623968849952023,1.5372803989758257,0.0,-1.0215958817442627,-0.5749721040900496,-0.41390253042045827,-0.6138003075599898,-0.6344285663888669,-0.9862665922546436,0.9520655346397229,0.8559949022787887,0
0.4972817167765908,0.3385845816050259,-1.0191604341750424,0.4809092124993773,0.5355618154716693,0.5277338988839886,-0.8104595572480459,0.0,-0.6651034338122662,-0.42000931698659455,-0.3471384359065732,0.0506271289066518,-0.17144485877833762,-0.8874595297881597,-0.8958335580520408,-1.1682312562117463,0
0.4972817167765908,0.3385845816050259,0.19585249448825398,-0.3404898994628175,0.15206593207707023,0.8308135696303074,-1.0028972585778715,0.0,0.49349702196672246,-0.7299348911935047,0.41881168825082565,1.6861408186706925,0.30311344152245495,0.2587023948230543,-0.2798671938214529,0.8559949022787887,1
-0.6230716545900549,0.4285904689884539,-0.05429722611889529,-0.1351401214722688,-0.10359799018599579,0.8308135696303074,-1.0413847988438365,0.0,-0.04124164993127232,-0.7299348911935047,-0.6462466468122329,0.15284673451690436,-0.5418318248667611,0.001804032410196014,0.9520655346397229,0.8559949022787887,0
-0.6230716545900549,0.3385845816050259,-1.0191604341750424,-1.4356887154124105,0.15206593207707023,-0.8664325865490781,1.6912305600396862,0.0,-0.6651034338122662,0.3548046185306811,-0.5659270340573882,-0.6138003075599898,-0.784898271362289,-0.9862665922546436,-0.8958335580520408,-1.1682312562117463,0
0.4972817167765908,0.24857869422159795,-0.0900329004913452,-0.7511894554439149,-1.509749562632859,0.16403829398840597,-1.0413847988438365,0.0,-0.5759803218292671,-0.7299348911935047,0.2907310439367122,0.2550663401271569,0.5346052953277196,2.3731735316058113,0.336099170409135,-1.1682312562117463,0
0.4972817167765908,0.06856691945474201,-0.0900329004913452,-0.1351401214722688,1.2173322748398454,1.3157410428244174,-0.6949969364501506,0.0,0.13700457403472593,0.19984183142722597,-0.11910168045117821,-0.6138003075599898,0.5230307026374564,0.7922605321420677,-1.5117999222826288,-1.1682312562117463,1
-0.6230716545900549,0.4285904689884539,0.4102665407229534,0.9600586944773242,0.06684462465604823,0.4671179647347248,0.921479754720384,0.0,-0.48685720984626796,-0.5749721040900496,-0.6490337627122432,1.1750427906194298,-0.6923015298401831,2.2546050566460303,1.260048716755017,-1.1682312562117463,0
-0.6230716545900549,-2.991633251581809,-0.37591829547094435,-0.20359004746911838,0.10945527836655923,1.0126613720780986,0.34416665073090735,0.0,-0.5759803218292671,-0.42000931698659455,4.630523874425607,0.6639447625681671,0.38413559035429756,-0.39342421745573986,0.9520655346397229,0.8559949022787887,1
-0.6230716545900549,0.3385845816050259,-1.8053452703689403,-0.20359004746911838,1.0468896599978013,-1.2301281914446607,1.652743019773721,0.0,-0.48685720984626796,-0.7299348911935047,-0.633451251089458,-0.5115807019497373,-0.6460031590791302,-0.9467437672680501,0.028115988293841057,0.8559949022787887,0
0.4972817167765908,0.3385845816050259,1.1249800281719513,-0.20359004746911838,0.40772985434013626,1.6188207135707364,-0.4640716948543599,0.0,2.4542054855927034,-0.7299348911935047,-0.47217859014794805,-0.4093610963394847,-0.4723842687251817,0.23894098232975752,0.336099170409135,0.8559949022787887,0
0.4972817167765908,0.4285904689884539,0.9820373306821517,0.07020965651827989,-1.594970870053881,0.7095817013317799,-0.8874346377799761,0.0,-0.6651034338122662,-0.7299348911935047,-0.41022860491589913,1.3283721990348087,-0.46080967603491846,0.7329762946621774,-0.2798671938214529,0.8559949022787887,0
1.6176350881432364,0.24857869422159795,0.3745308663505035,1.0285086204741738,0.024233970945537225,-0.19965731090717662,0.42114173126283755,0.0,-0.3086109858802697,1.98191388311696,-0.5766954363983374,-0.5626905047548635,-0.6228539736986037,-0.9665051797613469,0.028115988293841057,-1.1682312562117463,0
0.4972817167765908,-0.5614742922292538,0.23158816886070388,-0.2720399734659679,1.3877748896818893,1.0732773062273624,1.652743019773721,0.0,-0.7542265457952654,-0.2650465298831394,-0.5775822460028862,1.9416898326963241,-0.7733236786720258,0.001804032410196014,-0.5878503759367468,0.8559949022787887,0
-0.6230716545900549,0.4285904689884539,-0.05429722611889529,-0.20359004746911838,0.6633937766032023,0.9520454379288349,-1.0413847988438365,0.0,1.6520974777457111,-0.88489767829696,-0.613688065616657,-0.4093610963394847,-0.738599900601236,-0.6305611673753013,0.028115988293841057,-1.1682312562117463,0
-0.6230716545900549,0.3385845816050259,1.267922725661751,-1.2987888634187115,0.15206593207707023,1.19450917452589,0.6135794325926631,0.0,-0.2194878738972706,0.5097674056341363,-0.44152031524783386,-0.6138003075599898,-0.738599900601236,-0.9269823547747532,0.9520655346397229,0.8559949022787887,0
1.6176350881432364,0.3385845816050259,0.2673238432331538,1.918357658433218,1.3451642359713782,-0.4421210475042317,1.0369423755182794,0.0,-0.6651034338122662,1.98191388311696,-0.5455304131527667,-0.4093610963394847,-0.46080967603491846,-1.0257894172412372,0.028115988293841057,0.8559949022787887,0
-0.6230716545900549,0.3385845816050259,-0.018561551746445398,-0.8196393814407644,-0.2314299513175288,-0.017809508459385327,-1.0413847988438365,0.0,-0.04124164993127232,0.19984183142722597,-0.31825378021555645,-0.6138003075599898,-0.33348915644202287,-0.09700303005628795,1.5680318988703108,-1.1682312562117463,0
-0.6230716545900549,0.3385845816050259,-0.48312531858829405,1.1654084724678728,0.8764470451557573,0.5883498330332523,-0.6565093961841855,0.0,1.4738512537797128,-0.2650465298831394,0.4840555377283415,-0.6138003075599898,2.0161531596814135,-0.05748020506969437,1.5680318988703108,-1.1682312562117463,1
-0.6230716545900549,-1.4615331660635336,-1.162103131664842,1.5761080284489704,1.1747216211293343,0.406502030585461,-0.04070875192874373,0.0,-0.9324727697612636,1.98191388311696,3.195919308438444,-0.25603168792410586,1.935131010849571,1.068920307048223,0.028115988293841057,-1.1682312562117463,1
0.4972817167765908,0.3385845816050259,0.9105659819372519,0.07020965651827989,-0.9558110643962159,0.5277338988839886,-1.0413847988438365,0.0,-0.9324727697612636,-0.2650465298831394,-0.5565521896664442,-0.6138003075599898,-0.7501744932914993,-1.0257894172412372,-1.2038167401673348,0.8559949022787887,0
-0.6230716545900549,0.15857280683817,-1.233574480409742,-0.9565392334344636,-0.7427577958436609,-1.0482803889968693,-0.6949969364501506,0.0,2.4542054855927034,-0.7299348911935047,-0.6548613686849922,1.379482001839935,-0.7617490859817625,1.0886817195415197,-1.2038167401673348,-1.1682312562117463,0
-0.6230716545900549,0.4285904689884539,0.9820373306821517,0.7547089164867755,0.024233970945537225,1.0732773062273624,-0.3486090740564646,0.0,-0.2194878738972706,-0.2650465298831394,-0.605326717916626,2.1972388467219552,-0.35663834182254933,2.966015906404715,-0.8958335580520408,-1.1682312562117463,0
1.6176350881432364,0.3385845816050259,-0.26871127235359465,0.2755594345088286,-0.7427577958436609,1.436972911122945,-0.4255841545883948,0.0,2.365082373609704,-0.7299348911935047,-0.5461638485845873,0.40839574854253574,-0.6575777517693934,0.5156007572359126,0.336099170409135,0.8559949022787887,0
-0.6230716545900549,0.24857869422159795,-0.0900329004913452,1.0969585464710234,0.32250854691911424,0.5277338988839886,-0.8104595572480459,0.0,-1.110718993727262,0.3548046185306811,-0.5927846963665792,-0.5626905047548635,-0.588130195627814,0.7329762946621774,-0.5878503759367468,0.8559949022787887,0
1.6176350881432364,-0.11144485531211393,-1.555195549761791,-0.7511894554439149,0.27989789320860325,-0.5027369816534955,0.3826541909968725,0.0,-0.5759803218292671,0.19984183142722597,1.0371713567940384,2.6572270719680917,0.10634536578797998,0.12037250736997678,0.028115988293841057,0.8559949022787887,1
0.4972817167765908,0.3385845816050259,0.19585249448825398,-0.7511894554439149,-0.5723151810016168,1.9825163184663188,-0.8874346377799761,0.0,1.562974365762712,-0.7299348911935047,0.9225195436345203,3.4749839168501127,2.583308201504312,2.6103104815253726,0.9520655346397229,-1.1682312562117463,1
1.6176350881432364,0.3385845816050259,-0.7332750391954433,1.0969585464710234,0.27989789320860325,1.1338932403766262,-0.23314645325856925,0.0,-0.6651034338122662,-0.5749721040900496,-0.24059459627435809,0.9194937765937985,0.04847240233666382,0.23894098232975752,-1.5117999222826288,-1.1682312562117463,0
-0.6230716545900549,-0.2914566300789699,1.8396935156209493,-1.5041386414092601,-1.7654134848959249,-1.6544397304895069,2.691906606954779,0.0,2.4542054855927034,-0.7299348911935047,1.6868227356691858,1.1750427906194298,0.025323216956137352,0.5946464072090998,-0.2798671938214529,0.8559949022787887,1
-0.6230716545900549,-5.511798098317792,-0.12576857486379509,0.4809092124993773,1.1321109674188232,-1.6544397304895069,2.1915685834972325,0.0,-1.0215958817442627,-0.88489767829696,0.6493821854335028,-0.6138003075599898,1.1249095225311445,0.9305904195951453,-0.2798671938214529,0.8559949022787887,1
2.7379884595098822,0.3385845816050259,-0.0900329004913452,1.439208176455271,-1.5523602163433698,-0.5027369816534955,-1.0028972585778715,0.0,-0.8433496577782645,-0.42000931698659455,-0.36576143760209706,-0.6138003075599898,-0.391362119893339,-1.0257894172412372,0.9520655346397229,0.8559949022787887,0
1.6176350881432364,0.24857869422159795,1.1249800281719513,-0.06669019547541924,0.4929511617611583,0.28527016228693347,-0.23314645325856925,0.0,-0.5759803218292671,-0.2650465298831394,-0.24426852177891722,0.35728594573740946,0.38413559035429756,-0.35390139246914626,0.028115988293841057,0.8559949022787887,0
-0.6230716545900549,-0.4714684048458258,0.0529097969984544,-0.9565392334344636,0.6207831228926913,0.8308135696303074,-1.0413847988438365,0.0,-0.13036476191427146,-0.5749721040900496,5.7879370954480995,1.1239329878143036,2.8610984260706296,2.1360365816862497,-0.2798671938214529,0.8559949022787887,1
-0.6230716545900549,-0.5614742922292538,2.7688210493046466,-1.6410384934029592,-0.06098733647548478,-0.5633529158027593,0.8829922144544189,0.0,-0.2194878738972706,0.19984183142722597,0.4114638372417074,0.5617251569579146,1.0670365590798283,1.14796595702141,0.9520655346397229,0.8559949022787887,1
-0.6230716545900549,0.3385845816050259,-1.6981382472515907,0.8916087684804747,-0.2314299513175288,-0.13904137675791287,-0.9259221780459412,0.0,-0.5759803218292671,1.98191388311696,-0.5716279529437731,-0.6138003075599898,-0.6228539736986037,-1.0060280047479404,-1.5117999222826288,-1.1682312562117463,0
-0.6230716545900549,0.3385845816050259,1.6967508181311497,-0.7511894554439149,0.06684462465604823,-0.017809508459385327,-0.6180218559182203,0.0,2.4542054855927034,-0.42000931698659455,-0.2531366178244048,0.3061761429322832,0.9281414467966695,0.5551235822225062,0.336099170409135,0.8559949022787887,1
-0.6230716545900549,0.3385845816050259,-0.30444694672604455,-1.4356887154124105,0.3651192006296253,-2.1999831378328807,2.4609813653589883,0.0,0.3152507980007242,-0.7299348911935047,-0.4707850321979429,-0.6138003075599898,-0.5302572321764979,-0.017957380083100778,-0.5878503759367468,-1.1682312562117463,0
1.6176350881432364,0.24857869422159795,0.4817378894678532,0.8916087684804747,-0.7853684495541718,-0.2602732450564404,-1.0413847988438365,0.0,1.2956050298137147,0.8196929798410465,0.03558325199939803,-0.6138003075599898,0.8818430760356166,-0.43294704244233345,-1.5117999222826288,-1.1682312562117463,0
-0.6230716545900549,0.3385845816050259,0.5889449125852029,-0.6142896034502158,-0.9132004106857049,-1.108896323146133,-0.502559235120325,0.0,-0.7542265457952654,-0.88489767829696,-0.24186146713799916,-0.3582512935343584,-0.28719078568096995,-0.472469867428927,0.336099170409135,0.8559949022787887,0
0.4972817167765908,0.3385845816050259,2.054107561855649,-0.2720399734659679,-0.2740406050280398,-0.017809508459385327,0.26719157019897716,0.0,-0.7542265457952654,-0.11008374277968429,-0.5424899230800282,-0.6138003075599898,-0.5071080467959714,-1.0257894172412372,0.9520655346397229,-1.1682312562117463,0
-0.6230716545900549,-0.4714684048458258,-1.0906317829199423,0.207109508511979,1.2599429285503563,-0.07842544260864909,-0.8874346377799761,0.0,-0.8433496577782645,-0.7299348911935047,2.30429559460785,0.8683839737886722,-0.1598702660880744,0.3575094572895383,-0.2798671938214529,0.8559949022787887,1
-0.6230716545900549,-0.2914566300789699,0.8748303075648021,-1.0934390854281628,0.4503405080506473,0.8914295037795712,-0.19465891299260416,0.0,-0.3086109858802697,-0.88489767829696,1.602829197409782,-0.4093610963394847,0.013748624265874117,0.47607793224931905,0.336099170409135,-1.1682312562117463,1
0.4972817167765908,0.24857869422159795,0.0886454713709043,0.13865958251512944,0.7912257377347353,1.4975888452722088,-0.8874346377799761,0.0,2.4542054855927034,-0.88489767829696,-0.24452189595164545,-0.6138003075599898,0.24524047807113877,-0.6107997548820046,0.336099170409135,0.8559949022787887,0
-0.6230716545900549,0.06856691945474201,0.6246805869576527,-1.5041386414092601,-1.1262536792382598,1.19450917452589,-0.23314645325856925,0.0,-0.39773409786326885,-0.42000931698659455,0.4090567826007893,-0.5626905047548635,0.19894210731008585,-0.5515155174021142,1.260048716755017,-1.1682312562117463,1
-0.6230716545900549,0.3385845816050259,-1.3407815035270916,0.2755594345088286,-0.3592619124490618,0.04280642568987844,-0.15617137272663906,0.0,-0.7542265457952654,-0.5749721040900496,-0.47597920273887134,-0.6138003075599898,-0.6807269371499198,-0.8084138798149725,1.5680318988703108,0.8559949022787887,0
-0.6230716545900549,0.3385845816050259,-0.6260680160780937,1.439208176455271,1.3025535822608674,0.9520454379288349,-0.7334844767161156,0.0,-0.5759803218292671,-0.11008374277968429,-0.5623797956391932,-0.0004826738984744764,-0.5186826394862346,0.8515447696219581,1.5680318988703108,-1.1682312562117463,0
-0.6230716545900549,0.4285904689884539,-1.3407815035270916,0.207109508511979,1.3451642359713782,1.19450917452589,0.1517289494010818,0.0,2.4542054855927034,1.98191388311696,-0.6278770192894372,-0.0004826738984744764,-0.7154507152207096,0.6341692321956934,0.9520655346397229,0.8559949022787887,0
1.6176350881432364,-0.4714684048458258,-0.23297559798114478,0.8231588424836251,1.5156068508134224,1.0126613720780986,-0.8874346377799761,0.0,-0.6651034338122662,-0.7299348911935047,6.042704826126322,-0.6138003075599898,1.5647440447611476,-1.0060280047479404,0.028115988293841057,-1.1682312562117463,1
0.4972817167765908,0.3385845816050259,0.8033589588199023,-0.5458396774533661,-1.3393069477908148,0.5883498330332523,-1.0028972585778715,0.0,-0.2194878738972706,-0.5749721040900496,0.06712833650406101,-0.10270227950872703,0.46515773918614023,-0.7096068173484885,0.028115988293841057,-1.1682312562117463,0
0.4972817167765908,0.24857869422159795,-0.0900329004913452,0.34400936050567815,0.10945527836655923,0.406502030585461,-0.04070875192874373,0.0,-0.6651034338122662,-0.7299348911935047,-0.5571856250982647,-0.6138003075599898,-0.6344285663888669,-0.4922312799222238,1.260048716755017,0.8559949022787887,0
-0.6230716545900549,0.3385845816050259,-1.197838806037292,-0.20359004746911838,-0.3592619124490618,0.5277338988839886,-0.848947097514011,0.0,-0.13036476191427146,-0.7299348911935047,0.3685169149642747,3.321654508434734,1.3332521909558828,2.175559406672843,0.6440823525244289,0.8559949022787887,1
-0.6230716545900549,0.06856691945474201,1.6967508181311497,-0.8196393814407644,0.27989789320860325,0.4671179647347248,-0.6180218559182203,0.0,-0.5759803218292671,0.9746557669445016,0.33671845628688346,4.4971799729526385,0.5577544807082461,3.0648229688711988,-0.5878503759367468,0.8559949022787887,1
-0.6230716545900549,0.3385845816050259,0.3387951919780536,1.7130078804426694,0.06684462465604823,-0.13904137675791287,-0.7719720169820807,0.0,2.4542054855927034,0.19984183142722597,-0.6015261053257026,-0.10270227950872703,-0.7617490859817625,1.523432794394049,0.9520655346397229,0.8559949022787887,0
0.4972817167765908,0.4285904689884539,-0.6618036904505435,0.8916087684804747,-0.5723151810016168,1.436972911122945,-0.6180218559182203,0.0,-0.5759803218292671,-0.5749721040900496,-0.6173619911212161,0.0506271289066518,-0.6228539736986037,1.14796595702141,1.260048716755017,-1.1682312562117463,0
-0.6230716545900549,0.24857869422159795,1.6610151437586997,-1.9148381973903574,-0.6575364884226388,-1.1695122572953969,2.0761059626993372,0.0,-0.8433496577782645,0.6647301927375914,-0.2699860003108312,-0.4093610963394847,-0.49553345410570815,-0.11676444254958475,0.028115988293841057,0.8559949022787887,1
-0.6230716545900549,0.24857869422159795,0.5532092382127529,0.13865958251512944,-0.7001471421331499,-0.4421210475042317,-0.5795343156522552,0.0,-0.6651034338122662,0.04487904432377084,-0.47217859014794805,-0.6138003075599898,-0.7617490859817625,-1.0257894172412372,-0.2798671938214529,0.8559949022787887,0
-0.6230716545900549,0.06856691945474201,-1.0906317829199423,-0.6142896034502158,-1.0410323718172378,-1.7150556646387707,2.2685436640291625,0.0,-0.7542265457952654,-0.88489767829696,-0.6072270242120875,-0.5626905047548635,-0.7270253079109729,-1.0257894172412372,0.9520655346397229,0.8559949022787887,0
-0.6230716545900549,-0.2014507426955419,-0.7332750391954433,-0.20359004746911838,-2.021077407158991,-0.2602732450564404,-0.6180218559182203,0.0,0.13700457403472593,-0.7299348911935047,-0.3461249392156603,-0.6138003075599898,-0.6112793810083404,-1.0257894172412372,-1.2038167401673348,-1.1682312562117463,0
4.978695202243173,0.3385845816050259,-0.6260680160780937,1.0285086204741738,0.4503405080506473,0.5883498330332523,-0.6565093961841855,0.0,1.3847281417967137,-0.2650465298831394,-0.6413058504440327,-0.4093610963394847,-0.6344285663888669,0.5156007572359126,0.9520655346397229,0.8559949022787887,0
0.4972817167765908,0.3385845816050259,0.9463016563097019,-0.06669019547541924,1.4303855433924004,-0.2602732450564404,0.4981168117947678,0.0,-0.3086109858802697,0.6647301927375914,-0.5908843900711176,-0.10270227950872703,-0.6691523444596567,0.39703228227613185,0.6440823525244289,0.8559949022787887,0
-0.6230716545900549,-0.11144485531211393,-0.9476890854301427,1.0969585464710234,1.7712707730764883,0.04280642568987844,1.1908925365821397,0.0,-0.7542265457952654,-0.11008374277968429,3.4181284579210898,-0.10270227950872703,-0.4029367125836023,-1.0257894172412372,-1.2038167401673348,-1.1682312562117463,1
0.4972817167765908,0.4285904689884539,0.8033589588199023,-0.888089307437614,-1.381917601501326,-0.9876644548476056,0.34416665073090735,0.0,1.7412205897287103,-0.5749721040900496,-0.6454865242940482,-0.6138003075599898,-0.7270253079109729,-0.8479367048015661,-1.5117999222826288,-1.1682312562117463,0
-0.6230716545900549,0.24857869422159795,-0.0900329004913452,0.9600586944773242,1.7286601193659774,1.5582047794214726,-0.6949969364501506,0.0,-0.8433496577782645,-0.2650465298831394,-0.5130985190435551,-0.6138003075599898,-0.5534064175570244,0.9305904195951453,-0.5878503759367468,0.8559949022787887,0
-0.6230716545900549,-0.2014507426955419,-0.8404820623127931,-1.8463882713935078,-0.2740406050280398,-0.5027369816534955,1.614255479507756,0.0,-0.7542265457952654,-0.5749721040900496,1.3329857034542312,0.20395653732203065,1.888832640088518,-0.2946171549892559,1.5680318988703108,0.8559949022787887,1
-0.6230716545900549,0.06856691945474201,-1.5194598753893411,-1.9148381973903574,-0.2740406050280398,-0.5633529158027593,1.7682056405716162,0.0,-0.7542265457952654,1.9044324895652325,-0.33218935971560837,-0.6138003075599898,-0.6923015298401831,0.2982252198096479,0.6440823525244289,-1.1682312562117463,0
0.4972817167765908,0.4285904689884539,1.6967508181311497,0.9600586944773242,0.19467658578758124,-0.9876644548476056,-0.23314645325856925,0.0,-0.8433496577782645,1.98191388311696,-0.28468170232906775,1.6350310158655663,-0.21774322953939054,1.14796595702141,-0.2798671938214529,-1.1682312562117463,0
-0.6230716545900549,0.4285904689884539,-0.518860992960744,0.0017597305214303186,0.15206593207707023,0.16403829398840597,1.26786761711407,0.0,2.4542054855927034,-0.5749721040900496,-0.551738080384608,-0.5115807019497373,-0.6460031590791302,0.10061109487667998,-0.2798671938214529,0.8559949022787887,0
-0.6230716545900549,-0.4714684048458258,0.4460022150954033,-1.2987888634187115,-0.3166512587385508,-1.351360059743188,-0.5795343156522552,0.0,-0.5759803218292671,-0.88489767829696,0.9702805751937892,5.008278001003901,-0.5071080467959714,0.9108290071018484,0.336099170409135,-1.1682312562117463,1
-0.6230716545900549,0.4285904689884539,1.911164864365849,0.34400936050567815,1.8991027342080213,-0.07842544260864909,-0.07919629219470883,0.0,0.3152507980007242,-0.2650465298831394,-0.5462905356709514,0.5106153541527884,-0.6575777517693934,-0.5515155174021142,1.260048716755017,-1.1682312562117463,0
-0.6230716545900549,0.3385845816050259,-0.9476890854301427,0.4809092124993773,0.40772985434013626,1.1338932403766262,-0.6180218559182203,0.0,1.562974365762712,-0.42000931698659455,-0.36474794091118423,1.226152593424556,-0.44923508334465523,0.2587023948230543,0.6440823525244289,-1.1682312562117463,0
-0.6230716545900549,0.3385845816050259,0.5532092382127529,0.4809092124993773,0.5781724691821802,0.16403829398840597,0.7290420533905584,0.0,1.6520974777457111,-0.7299348911935047,-0.6003859215484256,-0.6138003075599898,-0.6691523444596567,0.08084968238338319,0.9520655346397229,-1.1682312562117463,0
-0.6230716545900549,-1.8215567155972454,1.1964513769168512,-2.3939876793683044,-0.10359799018599579,0.4671179647347248,-1.0413847988438365,0.0,-0.7542265457952654,-0.7299348911935047,1.0009388500939034,-0.15381208231385332,0.800820927203774,-0.9269823547747532,-1.5117999222826288,-1.1682312562117463,1
-0.6230716545900549,0.3385845816050259,0.1243811457433542,-0.06669019547541924,-1.680192177474903,-1.7756715987880345,1.0754299157842444,0.0,-0.7542265457952654,0.8196929798410465,-0.4135224691613659,-0.6138003075599898,-0.7038761225304464,-0.9269823547747532,1.260048716755017,0.8559949022787887,0
0.4972817167765908,0.3385845816050259,-0.16150424923624498,1.0285086204741738,1.0042790062872904,1.2551251086751538,0.22870402993301203,0.0,-0.5759803218292671,-0.7299348911935047,-0.5198129346208528,-0.5115807019497373,-0.5765556029375508,-0.8281752923082693,-1.5117999222826288,-1.1682312562117463,0
-0.6230716545900549,0.4285904689884539,-1.0906317829199423,-0.6827395294470653,0.7060044303137133,0.7095817013317799,-0.7719720169820807,0.0,1.3847281417967137,-0.88489767829696,-0.4620436232388194,-0.5115807019497373,-0.07884811725623175,-0.9072209422814564,-0.8958335580520408,0.8559949022787887,0
-0.6230716545900549,0.3385845816050259,-1.4479885266444412,0.207109508511979,-0.8705897569751938,-1.8362875329372983,1.26786761711407,0.0,-0.5759803218292671,-0.7299348911935047,-0.34219763953837296,-0.6138003075599898,0.025323216956137352,-1.0257894172412372,-0.5878503759367468,0.8559949022787887,0
-0.6230716545900549,0.3385845816050259,-1.3050458291546416,-2.667787383355703,-1.637581523764392,-1.4119759938924519,0.8829922144544189,0.0,0.13700457403472593,-0.88489767829696,-0.5303279627890738,-0.6138003075599898,-0.7733236786720258,-0.6898454048551917,-0.5878503759367468,-1.1682312562117463,0
-0.6230716545900549,-0.2014507426955419,-0.44738964421584415,-1.0934390854281628,-0.14620864389650678,1.0732773062273624,-1.0413847988438365,0.0,-1.110718993727262,-0.88489767829696,-0.2853151377608883,-0.6138003075599898,-0.6691523444596567,-0.9862665922546436,-1.5117999222826288,-1.1682312562117463,0
0.4972817167765908,0.24857869422159795,1.7682221668760494,-2.462437605365154,-2.021077407158991,1.3157410428244174,-1.0028972585778715,0.0,0.9391125818817181,1.2845813411514118,-0.2101896955469721,-0.5115807019497373,-0.12514648801728467,-0.7688910548283789,-1.5117999222826288,-1.1682312562117463,0
1.6176350881432364,0.3385845816050259,0.4817378894678532,0.686258990489926,1.1747216211293343,0.5277338988839886,-0.4640716948543599,0.0,0.8499894698987189,0.19984183142722597,-0.5327350174299919,0.35728594573740946,-0.6460031590791302,1.2862958444744876,-1.5117999222826288,-1.1682312562117463,0
0.4972817167765908,0.24857869422159795,1.267922725661751,-1.4356887154124105,0.4503405080506473,1.1338932403766262,0.9984548352523142,0.0,2.4542054855927034,1.98191388311696,-0.560986237689188,-0.6138003075599898,-0.7038761225304464,-0.9665051797613469,0.6440823525244289,-1.1682312562117463,0
-0.6230716545900549,-0.6514801796126818,-1.0548961085474924,-2.188637901377756,-0.5723151810016168,-2.5030628085791995,2.4609813653589883,0.0,1.0282356938647172,-0.88489767829696,0.9061769094935503,-0.6138003075599898,-0.3797875272030758,-1.0257894172412372,1.260048716755017,0.8559949022787887,1
-0.6230716545900549,0.3385845816050259,-0.9119534110576928,0.4124592865025277,-1.7654134848959249,-1.2301281914446607,-0.04070875192874373,0.0,-0.13036476191427146,-0.11008374277968429,-0.18206516237414003,-0.2049218851189796,-0.19459404415886408,-0.17604868002947513,1.5680318988703108,0.8559949022787887,0
-0.6230716545900549,-0.11144485531211393,0.4817378894678532,-0.3404898994628175,-1.381917601501326,-0.6845847841012868,-0.6180218559182203,0.0,-1.0215958817442627,-0.7299348911935047,-0.041189122337251596,0.5617251569579146,-0.5649810102472875,-0.13652585504288153,-0.5878503759367468,-1.1682312562117463,1
0.4972817167765908,0.24857869422159795,-0.16150424923624498,0.5493591384962269,-0.2314299513175288,0.7095817013317799,-0.9259221780459412,0.0,-0.7542265457952654,-0.7299348911935047,0.5005248589556756,-0.30714149072923214,1.9930039743008872,1.0886817195415197,0.9520655346397229,-1.1682312562117463,0
-0.6230716545900549,0.3385845816050259,2.1613145849729984,-1.5725885674061097,-0.3166512587385508,0.16403829398840597,-0.7719720169820807,0.0,-0.48685720984626796,0.6647301927375914,-0.5616196731210086,-0.6138003075599898,-0.49553345410570815,-1.0257894172412372,0.6440823525244289,-1.1682312562117463,0
-0.6230716545900549,-0.7414860669961097,-0.6260680160780937,0.4124592865025277,0.024233970945537225,0.7095817013317799,-0.5410467753862901,0.0,-1.110718993727262,-0.88489767829696,3.861913321454561,-0.30714149072923214,1.4721473032390415,1.4443871444208618,0.6440823525244289,0.8559949022787887,1
-0.6230716545900549,0.3385845816050259,-0.6618036904505435,-1.5725885674061097,0.9616683525767793,-1.351360059743188,2.345518744561093,0.0,-0.7542265457952654,0.04487904432377084,-0.5190528121026682,-0.6138003075599898,-0.784898271362289,-1.0257894172412372,0.9520655346397229,0.8559949022787887,0
-0.6230716545900549,0.24857869422159795,1.8754291899933992,-0.5458396774533661,-1.5523602163433698,-0.017809508459385327,0.6135794325926631,0.0,-0.48685720984626796,0.19984183142722597,-0.46103012654790654,0.6128349597630408,-0.5765556029375508,0.5156007572359126,0.9520655346397229,-1.1682312562117463,0
-0.6230716545900549,-0.11144485531211393,-1.0191604341750424,-2.0517380493840567,-1.4671389089223479,-1.0482803889968693,-0.9644097183119064,0.0,-0.5759803218292671,-0.88489767829696,0.9996719792302623,0.2550663401271569,-0.07884811725623175,0.8713061821152549,-0.8958335580520408,0.8559949022787887,1
1.6176350881432364,0.3385845816050259,-0.7690107135678933,0.7547089164867755,-0.4870938735805948,0.5883498330332523,0.34416665073090735,0.0,-0.04124164993127232,1.98191388311696,-0.07260751975555046,-0.6138003075599898,-0.3450637491322861,-0.7688910548283789,-1.2038167401673348,-1.1682312562117463,0
0.4972817167765908,0.3385845816050259,-0.6975393648229935,0.8916087684804747,-0.2740406050280398,-0.13904137675791287,1.8836682613695117,0.0,-0.6651034338122662,1.98191388311696,-0.5073976001571702,-0.6138003075599898,-0.6923015298401831,-0.43294704244233345,-1.2038167401673348,-1.1682312562117463,0
-0.6230716545900549,0.24857869422159795,-0.518860992960744,1.0285086204741738,1.5582175045239333,0.7095817013317799,-0.6949969364501506,0.0,-0.48685720984626796,0.04487904432377084,0.5351104335330771,-0.6138003075599898,1.5531694520708843,-0.03771879257639757,-0.8958335580520408,-1.1682312562117463,1
1.6176350881432364,0.3385845816050259,-0.018561551746445398,0.5493591384962269,-0.2740406050280398,-0.07842544260864909,-0.8104595572480459,0.0,1.562974365762712,0.5097674056341363,-0.41428259167955056,-0.6138003075599898,-0.5071080467959714,-0.8676981172948629,1.260048716755017,-1.1682312562117463,0
0.4972817167765908,0.4285904689884539,1.3393940744066508,0.13865958251512944,0.40772985434013626,0.406502030585461,0.22870402993301203,0.0,1.2064819178307156,1.7494697024617774,-0.5455304131527667,-0.15381208231385332,-0.6228539736986037,0.7132148821688805,-0.5878503759367468,0.8559949022787887,0
-0.6230716545900549,-0.9214978417629657,0.5532092382127529,-1.2303389374218618,-0.40187256615957284,-0.13904137675791287,-0.6949969364501506,0.0,-0.5759803218292671,-0.88489767829696,3.635650185208264,2.5550074663578393,1.9119818254690446,-1.0257894172412372,-0.8958335580520408,-1.1682312562117463,1
-0.6230716545900549,-0.4714684048458258,1.3393940744066508,-1.0934390854281628,0.7486150840242243,1.0126613720780986,-1.0413847988438365,0.0,0.3152507980007242,-0.5749721040900496,0.1768393532953788,-0.6138003075599898,0.8818430760356166,0.9305904195951453,0.6440823525244289,0.8559949022787887,0
-0.6230716545900549,-2.451597927281241,-0.5903323417056437,-1.5725885674061097,-1.850634792316947,-2.684910611026991,1.8066931808375815,0.0,-0.5759803218292671,-0.88489767829696,0.5465122713058469,-0.6138003075599898,-0.2640416003004435,-0.4922312799222238,0.6440823525244289,0.8559949022787887,0
0.4972817167765908,0.15857280683817,-1.1263674572923923,0.207109508511979,1.0468896599978013,0.4671179647347248,-0.19465891299260416,0.0,0.8499894698987189,-0.7299348911935047,0.9696471397619686,-0.6138003075599898,1.9582801962300975,-0.4922312799222238,0.9520655346397229,-1.1682312562117463,1
-0.6230716545900549,0.3385845816050259,0.4102665407229534,0.207109508511979,-0.7001471421331499,-1.4119759938924519,0.5366043520607329,0.0,-0.6651034338122662,-0.88489767829696,-0.6387721087167505,-0.4093610963394847,-0.7270253079109729,-0.9072209422814564,0.9520655346397229,0.8559949022787887,0
-0.6230716545900549,0.4285904689884539,0.6246805869576527,-0.7511894554439149,-0.14620864389650678,0.5277338988839886,-1.0413847988438365,0.0,1.562974365762712,-0.7299348911935047,-0.6068469629529952,1.226152593424556,-0.36821293451281256,-0.39342421745573986,-1.2038167401673348,0.8559949022787887,0
-0.6230716545900549,-0.4714684048458258,0.3745308663505035,-1.4356887154124105,0.06684462465604823,-0.07842544260864909,-0.848947097514011,0.0,1.1173588058477164,1.439544128254867,0.5330834401512514,-0.6138003075599898,1.888832640088518,1.068920307048223,0.9520655346397229,0.8559949022787887,1
-0.6230716545900549,0.15857280683817,-0.0900329004913452,0.8916087684804747,-1.168864332948771,-0.13904137675791287,0.5366043520607329,0.0,-0.5759803218292671,1.98191388311696,1.1542302245944744,-0.6138003075599898,2.1666228646548356,-0.39342421745573986,0.6440823525244289,-1.1682312562117463,1
0.4972817167765908,0.3385845816050259,-0.44738964421584415,-0.06669019547541924,-1.381917601501326,-1.957519401235826,1.614255479507756,0.0,-0.48685720984626796,-0.7299348911935047,-0.352839354792958,-0.6138003075599898,-0.4029367125836023,0.10061109487667998,-0.5878503759367468,0.8559949022787887,0
-0.6230716545900549,-0.7414860669961097,-0.48312531858829405,-0.2720399734659679,-0.2314299513175288,1.2551251086751538,-1.0028972585778715,0.0,-0.7542265457952654,-0.5749721040900496,2.0150689764385903,0.0506271289066518,0.16421832923929616,-1.0257894172412372,-0.8958335580520408,0.8559949022787887,1
-0.6230716545900549,0.3385845816050259,-0.41165396984339425,1.3707582504584217,0.06684462465604823,-0.7452007182505505,1.4987928587098607,0.0,-0.5759803218292671,-0.5749721040900496,0.17569916951810183,1.1239329878143036,0.5346052953277196,1.0293974820616292,-1.2038167401673348,0.8559949022787887,1
0.4972817167765908,0.4285904689884539,0.1243811457433542,0.7547089164867755,-1.3393069477908148,0.3458860964361973,-1.0028972585778715,0.0,-0.13036476191427146,-0.7299348911935047,-0.5452770389800385,-0.6138003075599898,-0.391362119893339,-0.9862665922546436,-1.2038167401673348,0.8559949022787887,0
-0.6230716545900549,0.3385845816050259,-0.518860992960744,-0.20359004746911838,-2.021077407158991,-1.4725919280417157,-0.8104595572480459,0.0,-0.6651034338122662,-0.42000931698659455,-0.36690162137937404,-0.6138003075599898,-0.6460031590791302,-0.7096068173484885,0.9520655346397229,0.8559949022787887,0
0.4972817167765908,0.4285904689884539,-0.0900329004913452,1.1654084724678728,1.8991027342080213,0.406502030585461,-0.3486090740564646,0.0,1.4738512537797128,1.2845813411514118,-0.5456571002391308,1.3283721990348087,-0.5649810102472875,-0.571276929895411,-0.8958335580520408,-1.1682312562117463,0
0.4972817167765908,0.3385845816050259,0.16011682011580408,0.686258990489926,0.06684462465604823,0.8308135696303074,-0.3101215337904995,0.0,1.0282356938647172,-0.7299348911935047,-0.08476948004650486,-0.6138003075599898,0.7776717418232475,0.43655510726272545,1.5680318988703108,0.8559949022787887,0
-0.6230716545900549,0.24857869422159795,-0.05429722611889529,0.207109508511979,-0.7001471421331499,0.7701976354810436,-1.0028972585778715,0.0,0.7608663579157199,-0.7299348911935047,-0.3297823050746903,-0.6138003075599898,-0.588130195627814,0.5551235822225062,1.5680318988703108,-1.1682312562117463,0
0.4972817167765908,0.24857869422159795,-0.9119534110576928,0.07020965651827989,0.8764470451557573,0.8308135696303074,-0.8874346377799761,0.0,-0.9324727697612636,-0.5749721040900496,-0.054364579319118866,-0.6138003075599898,0.002174031575610884,-0.670083992361895,-1.2038167401673348,0.8559949022787887,0
-0.6230716545900549,0.24857869422159795,1.4823367718964504,0.207109508511979,0.8338363914452463,-0.3815051133549679,-0.11768383246067395,0.0,-0.9324727697612636,0.6647301927375914,-0.24616882807437884,-0.6138003075599898,-0.6691523444596567,-1.0257894172412372,1.5680318988703108,-1.1682312562117463,0
1.6176350881432364,-0.6514801796126818,0.8390946331923521,-0.2720399734659679,1.5582175045239333,1.7400525818692638,-0.9259221780459412,0.0,-0.6651034338122662,-0.11008374277968429,0.11070869421331427,2.0439094383065766,1.541594859380621,-0.15628726753617833,-0.2798671938214529,0.8559949022787887,1
-0.6230716545900549,0.4285904689884539,0.9820373306821517,-0.8196393814407644,-0.9132004106857049,0.8308135696303074,-0.11768383246067395,0.0,-0.48685720984626796,-0.11008374277968429,-0.280247654306324,2.4016780579424606,0.07162158771719028,0.9898746570750356,1.8760150809856049,-1.1682312562117463,0
-0.6230716545900549,0.3385845816050259,-1.162103131664842,-0.9565392334344636,-0.1888192976070178,0.5883498330332523,-0.6949969364501506,0.0,1.4738512537797128,-0.7299348911935047,-0.5334951399481765,-0.6138003075599898,-0.7270253079109729,-0.8479367048015661,-0.2798671938214529,0.8559949022787887,0
-0.6230716545900549,-0.4714684048458258,-0.26871127235359465,-0.47738975145651663,-0.6149258347121278,0.406502030585461,-0.7334844767161156,0.0,2.4542054855927034,-0.7299348911935047,-0.1127673261329728,-0.6138003075599898,-0.6344285663888669,-1.0257894172412372,-1.2038167401673348,0.8559949022787887,0
-0.6230716545900549,0.3385845816050259,0.0886454713709043,1.1654084724678728,1.4303855433924004,0.22465422813766972,1.1908925365821397,0.0,0.4043739099837233,-0.7299348911935047,0.20319026725911332,1.6861408186706925,0.8239701125843004,1.1677273695147068,0.9520655346397229,-1.1682312562117463,1
-0.6230716545900549,0.3385845816050259,-1.5909312241342408,-2.1201879753809063,-0.9132004106857049,-0.623968849952023,0.26719157019897716,0.0,-0.3086109858802697,-0.5749721040900496,-0.3770365882885027,-0.2049218851189796,-0.22931782222965377,-0.2353329175093655,1.5680318988703108,0.8559949022787887,0
-0.6230716545900549,0.3385845816050259,-0.0900329004913452,0.9600586944773242,0.8764470451557573,0.04280642568987844,-0.8874346377799761,0.0,-0.3086109858802697,-0.7299348911935047,-0.5580724347028135,-0.05159247670360075,-0.4839588614154449,-0.670083992361895,0.6440823525244289,-1.1682312562117463,0
0.4972817167765908,0.3385845816050259,-0.8762177366852429,0.4124592865025277,1.5582175045239333,-0.4421210475042317,1.1139174560502094,0.0,-1.110718993727262,-1.039860465400415,-0.5751751913619682,0.15284673451690436,-0.5649810102472875,0.14013391986327356,-1.5117999222826288,0.8559949022787887,0
-0.6230716545900549,0.3385845816050259,-0.05429722611889529,1.8499077324363686,0.8338363914452463,-0.19965731090717662,-0.5795343156522552,0.0,2.4542054855927034,1.98191388311696,-0.5554120058891673,-0.4093610963394847,-0.5418318248667611,-0.9467437672680501,0.028115988293841057,-1.1682312562117463,0
-0.6230716545900549,0.3385845816050259,0.6246805869576527,0.2755594345088286,1.3025535822608674,1.0126613720780986,-0.6180218559182203,0.0,-1.0215958817442627,-0.5749721040900496,0.40931015677351756,3.2705447056296073,2.0045785669911504,1.4839099694074556,0.336099170409135,0.8559949022787887,1
-0.6230716545900549,0.3385845816050259,0.6246805869576527,-0.6142896034502158,-1.083643025527749,-1.5938237963402433,2.4609813653589883,0.0,-0.6651034338122662,-0.7299348911935047,-0.6382653603712941,-0.30714149072923214,-0.7733236786720258,-0.8281752923082693,-1.5117999222826288,0.8559949022787887,0
-0.6230716545900549,-4.521733337100084,-0.23297559798114478,0.4809092124993773,1.0468896599978013,0.3458860964361973,-0.7719720169820807,0.0,-0.39773409786326885,-0.88489767829696,1.3542691339634014,0.10173693171177808,0.03689780964640058,-0.2946171549892559,0.336099170409135,0.8559949022787887,1
-0.6230716545900549,0.3385845816050259,-1.162103131664842,-0.40893982545966706,-0.8279791032646828,0.16403829398840597,-0.4640716948543599,0.0,-0.5759803218292671,-0.5749721040900496,-0.5597193668255469,-0.5115807019497373,-0.4723842687251817,-0.670083992361895,1.260048716755017,-1.1682312562117463,0
0.4972817167765908,0.3385845816050259,1.8396935156209493,0.4124592865025277,-1.083643025527749,-0.623968849952023,0.1132414091351167,0.0,1.4738512537797128,1.98191388311696,-0.42315068772503817,-0.6138003075599898,-0.7733236786720258,-1.0257894172412372,-0.5878503759367468,0.8559949022787887,0
-0.6230716545900549,0.3385845816050259,0.9105659819372519,-1.0934390854281628,-1.296696294080304,-0.07842544260864909,-0.848947097514011,0.0,2.0977130376607067,-0.88489767829696,-0.3385237140338138,-0.6138003075599898,-0.05569893187570528,-0.8676981172948629,0.9520655346397229,0.8559949022787887,0
-0.6230716545900549,0.4285904689884539,-0.0900329004913452,0.686258990489926,1.8138814267869994,0.1034223598391422,1.4603053184438954,0.0,1.8303437017117095,-0.88489767829696,-0.5921512609347587,-0.10270227950872703,-0.6112793810083404,0.8120219446353645,-0.2798671938214529,0.8559949022787887,0
-0.6230716545900549,-5.421792210934364,0.6246805869576527,0.207109508511979,1.4303855433924004,-1.4119759938924519,1.6912305600396862,0.0,2.4542054855927034,-0.5749721040900496,1.2407575045811603,-0.6138003075599898,1.4258489324779886,2.294127881632624,0.6440823525244289,0.8559949022787887,1
0.4972817167765908,0.3385845816050259,-0.26871127235359465,1.5761080284489704,0.9616683525767793,-0.623968849952023,-0.4255841545883948,0.0,-0.39773409786326885,1.98191388311696,-0.5802426748165325,-0.6138003075599898,-0.588130195627814,-0.9665051797613469,-0.8958335580520408,-1.1682312562117463,0
0.4972817167765908,0.4285904689884539,-0.9476890854301427,-1.2987888634187115,-0.06098733647548478,0.9520454379288349,0.4981168117947678,0.0,1.7412205897287103,1.7494697024617774,-0.5689675241301269,-0.6138003075599898,-0.6923015298401831,-1.0060280047479404,0.028115988293841057,-1.1682312562117463,0
-0.6230716545900549,0.3385845816050259,0.8390946331923521,0.4809092124993773,-0.01837668276497378,-1.1695122572953969,2.2685436640291625,0.0,0.3152507980007242,1.98191388311696,-0.3672816826384664,0.40839574854253574,-0.21774322953939054,-0.571276929895411,-0.2798671938214529,-1.1682312562117463,0
2.7379884595098822,0.3385845816050259,-0.7332750391954433,1.1654084724678728,-0.3592619124490618,0.6489657671825161,-0.848947097514011,0.0,-1.0215958817442627,-0.11008374277968429,-0.552878264161885,-0.6138003075599898,-0.6228539736986037,-1.0060280047479404,-0.5878503759367468,0.8559949022787887,0
-0.6230716545900549,0.4285904689884539,0.6246805869576527,0.4809092124993773,1.8991027342080213,0.9520454379288349,-0.3486090740564646,0.0,-1.110718993727262,-0.5749721040900496,-0.5905043288120252,0.459505551347662,-0.7038761225304464,0.3772708697828351,0.9520655346397229,-1.1682312562117463,0
-0.6230716545900549,0.24857869422159795,-1.0906317829199423,0.9600586944773242,-0.5297045272911058,-0.2602732450564404,0.1517289494010818,0.0,-0.9324727697612636,-0.88489767829696,-0.6008926698938821,0.6128349597630408,-0.6923015298401831,1.2665344319811909,0.336099170409135,0.8559949022787887,0
2.7379884595098822,0.3385845816050259,0.4460022150954033,1.781457806439519,1.0895003137083124,-1.1695122572953969,-0.07919629219470883,0.0,-0.39773409786326885,1.98191388311696,-0.5485709032255054,-0.6138003075599898,-0.41451130527386554,-1.0257894172412372,1.8760150809856049,-1.1682312562117463,0
1.6176350881432364,0.4285904689884539,-0.5903323417056437,0.34400936050567815,-1.4671389089223479,-0.017809508459385327,-0.7719720169820807,0.0,-0.6651034338122662,-0.5749721040900496,-0.49434883026166704,1.3283721990348087,-0.2756161929907067,0.23894098232975752,1.5680318988703108,-1.1682312562117463,0
-0.6230716545900549,-0.6514801796126818,-0.8047463879403431,-0.5458396774533661,-0.10359799018599579,0.04280642568987844,-0.9644097183119064,0.0,-0.39773409786326885,-0.88489767829696,-0.16356884776498024,-0.6138003075599898,-0.020975153804915582,-0.5119926924155206,-0.5878503759367468,-1.1682312562117463,0
1.6176350881432364,0.3385845816050259,-0.0900329004913452,0.686258990489926,1.8138814267869994,1.3763569769736812,-0.9644097183119064,0.0,0.49349702196672246,0.5097674056341363,-0.4743322706161379,-0.6138003075599898,-0.17144485877833762,-0.9862665922546436,0.336099170409135,0.8559949022787887,0
0.4972817167765908,0.4285904689884539,0.3745308663505035,1.781457806439519,0.7060044303137133,0.04280642568987844,0.575091892326698,0.0,-0.48685720984626796,1.98191388311696,-0.6216693520575959,-0.2049218851189796,-0.7270253079109729,-0.9862665922546436,-1.5117999222826288,-1.1682312562117463,0
-0.6230716545900549,-2.9016273641983807,2.054107561855649,-1.0934390854281628,1.5156068508134224,-0.3815051133549679,0.34416665073090735,0.0,0.04788146205172681,-0.7299348911935047,-0.5462905356709514,-0.6138003075599898,-0.2061686368491273,-1.0257894172412372,-0.5878503759367468,0.8559949022787887,0
-0.6230716545900549,0.3385845816050259,0.6604162613301027,-1.7779383453966584,-1.808024138606436,-2.3818309402806723,2.1915685834972325,0.0,-0.3086109858802697,-0.7299348911935047,-0.2775872254926777,-0.5115807019497373,0.002174031575610884,0.7329762946621774,1.260048716755017,-1.1682312562117463,0
-0.6230716545900549,0.24857869422159795,1.8039578412484993,-1.8463882713935078,-1.381917601501326,-2.139367203683617,2.2685436640291625,0.0,1.4738512537797128,-0.7299348911935047,-0.19245350345599693,-0.6138003075599898,-0.5534064175570244,-0.6107997548820046,-0.5878503759367468,0.8559949022787887,1
0.4972817167765908,-2.0915743777475293,-1.5194598753893411,-0.2720399734659679,-0.4870938735805948,-0.19965731090717662,-0.6949969364501506,0.0,2.4542054855927034,-0.42000931698659455,0.6871349371700071,0.2550663401271569,-0.5418318248667611,-1.0257894172412372,0.6440823525244289,0.8559949022787887,1
-0.6230716545900549,0.4285904689884539,-0.0900329004913452,-0.2720399734659679,-0.6575364884226388,0.5277338988839886,-1.0413847988438365,0.0,1.6520974777457111,-0.7299348911935047,-0.583283164889271,2.861666283188597,-0.6923015298401831,1.0293974820616292,0.9520655346397229,0.8559949022787887,0
-0.6230716545900549,0.3385845816050259,0.6961519357025525,1.3707582504584217,1.7712707730764883,-0.32088917920570414,0.03626632860318649,0.0,-0.04124164993127232,-0.5749721040900496,-0.5094245935389959,-0.6138003075599898,-0.7038761225304464,-0.6107997548820046,0.336099170409135,0.8559949022787887,0
-0.6230716545900549,0.3385845816050259,-0.0900329004913452,-0.6142896034502158,0.8338363914452463,0.9520454379288349,-0.4640716948543599,0.0,-0.9324727697612636,1.98191388311696,-0.5763153751392451,-0.6138003075599898,-0.7154507152207096,2.6893561314985597,-1.2038167401673348,0.8559949022787887,0
1.6176350881432364,0.3385845816050259,1.3751297487791005,-0.5458396774533661,0.4503405080506473,-0.2602732450564404,-0.5795343156522552,0.0,-1.110718993727262,1.98191388311696,-0.5766954363983374,-0.4093610963394847,-0.784898271362289,-1.0257894172412372,1.5680318988703108,-1.1682312562117463,0
-0.6230716545900549,0.06856691945474201,0.0529097969984544,0.8231588424836251,0.7060044303137133,0.8914295037795712,-1.0028972585778715,0.0,-0.6651034338122662,-0.11008374277968429,2.776838426745974,-0.6138003075599898,5.372785039857751,0.4958393447426158,-1.5117999222826288,-1.1682312562117463,1
-0.6230716545900549,0.24857869422159795,-1.0548961085474924,-0.2720399734659679,-1.296696294080304,-0.7452007182505505,0.03626632860318649,0.0,-0.7542265457952654,-0.88489767829696,-0.0715940230646376,-0.3582512935343584,-0.2061686368491273,-0.05748020506969437,0.336099170409135,0.8559949022787887,0
-0.6230716545900549,0.06856691945474201,-0.37591829547094435,-1.5041386414092601,-1.381917601501326,-0.2602732450564404,1.3833302379119652,0.0,-0.7542265457952654,-0.42000931698659455,0.3961346997916503,0.6128349597630408,1.587893230141674,1.5431942068873459,1.8760150809856049,0.8559949022787887,1
-0.6230716545900549,-0.38146251746239784,-0.9834247598025926,-0.47738975145651663,-0.14620864389650678,0.8914295037795712,-1.0413847988438365,0.0,-0.48685720984626796,-0.7299348911935047,0.3331712178686885,1.5328114102553139,0.30311344152245495,1.1677273695147068,-0.2798671938214529,0.8559949022787887,1
-0.6230716545900549,-0.2014507426955419,1.3393940744066508,0.2755594345088286,-0.4870938735805948,-0.8664325865490781,-0.4255841545883948,0.0,-0.13036476191427146,1.98191388311696,0.16695776055897835,0.2550663401271569,-0.2640416003004435,0.6539306446889902,0.6440823525244289,0.8559949022787887,1
0.4972817167765908,0.3385845816050259,1.0892443537995014,-0.7511894554439149,-0.40187256615957284,-0.7452007182505505,-0.848947097514011,0.0,1.6520974777457111,1.98191388311696,-0.06880690716462722,0.3061761429322832,0.18736751461982262,0.6341692321956934,-1.5117999222826288,-1.1682312562117463,0
-0.6230716545900549,0.3385845816050259,-0.16150424923624498,-0.2720399734659679,0.3651192006296253,0.3458860964361973,-0.848947097514011,0.0,-0.7542265457952654,1.98191388311696,-0.5056239809480727,-0.6138003075599898,-0.6807269371499198,-0.8874595297881597,0.6440823525244289,0.8559949022787887,0
0.4972817167765908,0.24857869422159795,-0.0900329004913452,0.34400936050567815,0.6633937766032023,0.4671179647347248,-1.0413847988438365,0.0,-0.39773409786326885,-0.7299348911935047,-0.03890875478269765,-0.4093610963394847,0.8702684833453533,-0.5515155174021142,0.9520655346397229,0.8559949022787887,0
-0.6230716545900549,-0.021438967928685958,0.8390946331923521,-0.5458396774533661,-1.211474986659282,-1.108896323146133,1.4987928587098607,0.0,-0.2194878738972706,-0.42000931698659455,-0.1952406193560073,-0.6138003075599898,-0.6575777517693934,-0.8281752923082693,-0.5878503759367468,-1.1682312562117463,1
-0.6230716545900549,0.3385845816050259,1.1249800281719513,-0.888089307437614,-0.2740406050280398,0.8914295037795712,-1.0028972585778715,0.0,-0.04124164993127232,-0.5749721040900496,-0.4939687690025747,-0.6138003075599898,-0.5186826394862346,-1.0060280047479404,0.6440823525244289,0.8559949022787887,0
-0.6230716545900549,-0.5614742922292538,0.7676232844474523,0.4124592865025277,1.5156068508134224,0.3458860964361973,-0.8104595572480459,0.0,0.9391125818817181,-0.5749721040900496,-0.4533022142796959,-0.15381208231385332,-0.784898271362289,-1.0257894172412372,-0.8958335580520408,0.8559949022787887,1
-0.6230716545900549,0.4285904689884539,0.3387951919780536,-0.5458396774533661,0.19467658578758124,1.0732773062273624,-0.5795343156522552,0.0,-0.48685720984626796,-0.42000931698659455,-0.6157150589984828,0.0506271289066518,-0.738599900601236,0.3772708697828351,0.336099170409135,-1.1682312562117463,0
-0.6230716545900549,0.3385845816050259,-1.8053452703689403,-0.7511894554439149,0.19467658578758124,-1.0482803889968693,1.8836682613695117,0.0,-0.8433496577782645,1.98191388311696,-0.4712917805433993,-0.6138003075599898,-0.7733236786720258,-1.0257894172412372,1.5680318988703108,-1.1682312562117463,0
0.4972817167765908,0.24857869422159795,-1.3765171778995415,0.0017597305214303186,1.1321109674188232,-0.07842544260864909,0.0747538688691516,0.0,-0.48685720984626796,-0.5749721040900496,-0.5248804180754171,-0.6138003075599898,-0.588130195627814,-0.9269823547747532,-0.2798671938214529,0.8559949022787887,0
0.4972817167765908,0.3385845816050259,-1.8410809447413903,-0.5458396774533661,0.7912257377347353,0.5883498330332523,1.1139174560502094,0.0,-0.5759803218292671,1.98191388311696,-0.6003859215484256,-0.6138003075599898,-0.7038761225304464,-0.8084138798149725,-1.2038167401673348,-1.1682312562117463,0
-0.6230716545900549,0.4285904689884539,-1.5909312241342408,-1.5725885674061097,-1.594970870053881,-2.8667584134747823,2.6534190666888136,0.0,-0.6651034338122662,-0.88489767829696,-0.5481908419664131,4.701619184173143,0.14106914385876967,3.4600512187371346,0.336099170409135,0.8559949022787887,0
-0.6230716545900549,0.06856691945474201,-0.9834247598025926,-0.8196393814407644,0.19467658578758124,1.0732773062273624,-0.5795343156522552,0.0,1.4738512537797128,-0.5749721040900496,2.117558829307154,1.1239329878143036,4.273198734282744,1.2467730194878939,0.336099170409135,0.8559949022787887,1
-0.6230716545900549,-0.38146251746239784,-1.6624025728791407,-0.6142896034502158,-0.2314299513175288,0.16403829398840597,1.4603053184438954,0.0,-0.39773409786326885,-0.7299348911935047,0.2959252144776406,-0.25603168792410586,-0.2756161929907067,-0.6503225798685982,1.5680318988703108,0.8559949022787887,1
-0.6230716545900549,0.4285904689884539,1.911164864365849,-1.1618890114250122,-0.3166512587385508,0.7095817013317799,-0.6565093961841855,0.0,1.2956050298137147,-0.5749721040900496,-0.5682074016119422,-0.6138003075599898,-0.35663834182254933,-0.9665051797613469,0.028115988293841057,-1.1682312562117463,0
0.4972817167765908,0.24857869422159795,1.6252794693862498,0.0017597305214303186,-0.9558110643962159,-1.0482803889968693,-0.848947097514011,0.0,0.4043739099837233,1.98191388311696,0.025701659262997587,-0.30714149072923214,0.5809036660887725,1.2665344319811909,-1.2038167401673348,0.8559949022787887,0
-0.6230716545900549,0.3385845816050259,0.2673238432331538,-1.0249891594313132,-1.168864332948771,-0.2602732450564404,-1.0413847988438365,0.0,-0.8433496577782645,-0.88489767829696,-0.45798963647516794,-0.3582512935343584,0.11791995847824321,0.2587023948230543,-0.2798671938214529,0.8559949022787887,0
0.4972817167765908,0.3385845816050259,1.232187051289301,-0.888089307437614,1.0042790062872904,-0.2602732450564404,0.1132414091351167,0.0,-0.9324727697612636,-0.5749721040900496,-0.5512313320391516,0.5106153541527884,-0.4723842687251817,1.523432794394049,0.9520655346397229,0.8559949022787887,0
-0.6230716545900549,-0.38146251746239784,-0.8047463879403431,0.207109508511979,-0.1888192976070178,-0.7452007182505505,0.1132414091351167,0.0,-1.0215958817442627,1.98191388311696,2.022416827447709,1.226152593424556,0.14106914385876967,0.2587023948230543,1.5680318988703108,-1.1682312562117463,1
-0.6230716545900549,0.3385845816050259,-0.44738964421584415,-0.2720399734659679,-0.8705897569751938,-1.7756715987880345,2.5379564458909183,0.0,1.0282356938647172,-0.88489767829696,-0.5589592443073622,-0.6138003075599898,-0.6344285663888669,-1.0257894172412372,1.5680318988703108,0.8559949022787887,0
-0.6230716545900549,-0.38146251746239784,-0.0900329004913452,0.0017597305214303186,-0.4870938735805948,-0.7452007182505505,2.2685436640291625,0.0,-0.48685720984626796,-0.7299348911935047,0.24373013489562798,0.3061761429322832,-0.09042270994649498,-0.6305611673753013,0.6440823525244289,0.8559949022787887,1
0.4972817167765908,0.4285904689884539,0.0529097969984544,0.34400936050567815,1.1747216211293343,0.8308135696303074,1.0754299157842444,0.0,-0.2194878738972706,1.98191388311696,-0.5759353138801527,-0.460470899144611,-0.6575777517693934,-0.9665051797613469,-1.5117999222826288,-1.1682312562117463,0
-0.6230716545900549,0.15857280683817,0.1243811457433542,0.0017597305214303186,-0.6149258347121278,-1.108896323146133,-0.5410467753862901,0.0,-0.6651034338122662,1.98191388311696,-0.37678321411577453,-0.6138003075599898,-0.36821293451281256,-0.9862665922546436,-0.5878503759367468,-1.1682312562117463,0
0.4972817167765908,0.24857869422159795,-1.0906317829199423,0.4124592865025277,-0.6149258347121278,0.5883498330332523,0.03626632860318649,0.0,-0.3086109858802697,-0.42000931698659455,-0.4666043583479273,-0.6138003075599898,-0.2987653783712332,-0.8874595297881597,-0.2798671938214529,-1.1682312562117463,0
-0.6230716545900549,0.3385845816050259,-0.05429722611889529,1.302308324461572,0.6633937766032023,0.04280642568987844,0.575091892326698,0.0,1.562974365762712,-0.2650465298831394,-0.5537650737664338,-0.6138003075599898,-0.738599900601236,-0.7293682298417853,0.028115988293841057,-1.1682312562117463,0
0.4972817167765908,0.3385845816050259,0.4102665407229534,-0.9565392334344636,-0.8705897569751938,-2.0181353353850895,2.499468905624953,0.0,0.9391125818817181,-0.88489767829696,-0.4776261348616047,-0.6138003075599898,-0.25246700761018026,-1.0060280047479404,0.336099170409135,0.8559949022787887,0
-0.6230716545900549,-1.3715272786801054,0.9105659819372519,-2.188637901377756,-1.168864332948771,1.7400525818692638,-1.0413847988438365,0.0,-0.6651034338122662,-0.11008374277968429,5.9262793937577065,0.15284673451690436,2.7569270918582607,0.9305904195951453,-1.2038167401673348,0.8559949022787887,1
0.4972817167765908,0.3385845816050259,-0.44738964421584415,0.5493591384962269,1.4303855433924004,1.19450917452589,-0.6565093961841855,0.0,1.2064819178307156,1.5945069153583222,-0.50955128062536,-0.6138003075599898,-0.6807269371499198,-0.8281752923082693,-0.2798671938214529,0.8559949022787887,0
0.4972817167765908,0.3385845816050259,-0.6618036904505435,0.4124592865025277,-1.1262536792382598,-0.19965731090717662,-1.0028972585778715,0.0,1.2956050298137147,-0.2650465298831394,-0.4315120354250693,-0.6138003075599898,-0.4839588614154449,-0.8479367048015661,-1.2038167401673348,0.8559949022787887,0
-0.6230716545900549,0.15857280683817,-0.018561551746445398,0.0017597305214303186,-0.10359799018599579,-0.017809508459385327,-0.6565093961841855,0.0,-0.6651034338122662,-0.88489767829696,-0.23159981314250638,0.35728594573740946,-0.03254974649517882,-0.07724161756299115,-0.8958335580520408,0.8559949022787887,0
3.858341830876528,0.3385845816050259,-0.44738964421584415,1.6445579544458198,0.32250854691911424,1.0732773062273624,-0.7334844767161156,0.0,-1.0215958817442627,-0.11008374277968429,-0.3622141991839021,-0.6138003075599898,-0.35663834182254933,-0.9862665922546436,-1.2038167401673348,0.8559949022787887,0
-0.6230716545900549,-0.4714684048458258,-0.018561551746445398,-0.06669019547541924,-0.14620864389650678,0.406502030585461,-0.8104595572480459,0.0,-0.48685720984626796,-0.7299348911935047,3.0423745597651446,1.58392121306044,1.2869538201948298,0.8910675946085517,-1.2038167401673348,-1.1682312562117463,1
-0.6230716545900549,0.24857869422159795,2.054107561855649,0.8916087684804747,0.8338363914452463,0.22465422813766972,-0.8104595572480459,0.0,-0.6651034338122662,1.98191388311696,-0.2984905947427556,-0.5115807019497373,-0.44923508334465523,-0.9862665922546436,1.5680318988703108,-1.1682312562117463,0
1.6176350881432364,0.4285904689884539,-1.162103131664842,-0.47738975145651663,-1.637581523764392,-0.6845847841012868,-0.8874346377799761,0.0,0.3152507980007242,-0.7299348911935047,-0.5666871565755729,0.20395653732203065,-0.588130195627814,0.15989533235657036,-0.5878503759367468,-1.1682312562117463,0
-0.6230716545900549,0.4285904689884539,-0.0900329004913452,0.7547089164867755,1.0468896599978013,-0.32088917920570414,0.6135794325926631,0.0,1.4738512537797128,-0.88489767829696,-0.286075260279073,3.321654508434734,0.26838966345166526,3.163630031337683,-1.5117999222826288,-1.1682312562117463,0
-0.6230716545900549,0.3385845816050259,0.7318876100750025,-0.9565392334344636,-0.06098733647548478,0.8914295037795712,-1.0413847988438365,0.0,-0.8433496577782645,-0.88489767829696,-0.30406482654277633,-0.6138003075599898,-0.5765556029375508,0.4958393447426158,0.336099170409135,0.8559949022787887,0
0.4972817167765908,-0.2014507426955419,2.268521608090348,0.07020965651827989,-0.10359799018599579,-0.32088917920570414,-0.4255841545883948,0.0,-0.39773409786326885,1.98191388311696,3.083041114488023,3.4238741140449864,2.4675622746016797,1.6815240943404235,0.9520655346397229,0.8559949022787887,1
-0.6230716545900549,0.3385845816050259,1.1964513769168512,0.34400936050567815,1.7286601193659774,0.7701976354810436,-0.6949969364501506,0.0,-0.8433496577782645,0.3548046185306811,-0.1923268163696328,-0.30714149072923214,-0.3103399710614964,-1.0257894172412372,0.9520655346397229,0.8559949022787887,0
-0.6230716545900549,0.3385845816050259,-1.4837242010168912,-1.983288123387207,-1.3393069477908148,0.1034223598391422,-0.6949969364501506,0.0,-0.7542265457952654,-0.11008374277968429,-0.39908014131585756,-0.6138003075599898,-0.18301945146860085,-0.8479367048015661,0.9520655346397229,0.8559949022787887,0
-0.6230716545900549,0.3385845816050259,-1.269310154782192,-1.2303389374218618,-0.10359799018599579,-0.32088917920570414,0.6520669728586282,0.0,1.562974365762712,1.9044324895652325,-0.4951089527798517,-0.6138003075599898,-0.7501744932914993,-0.670083992361895,1.260048716755017,-1.1682312562117463,0
0.4972817167765908,-1.7315508282138175,-0.9834247598025926,1.7130078804426694,-0.8705897569751938,1.4975888452722088,-0.9259221780459412,0.0,-0.8433496577782645,1.98191388311696,3.3650465687345283,-0.6138003075599898,0.8586938906550902,-0.2353329175093655,1.8760150809856049,-1.1682312562117463,1
-0.6230716545900549,0.24857869422159795,-0.5545966673331939,-0.888089307437614,-0.4444832198700838,-1.5332078621909795,0.921479754720384,0.0,-0.5759803218292671,1.1296185540479566,-0.1401317367876202,-0.6138003075599898,-0.020975153804915582,0.8713061821152549,0.9520655346397229,-1.1682312562117463,0
-0.6230716545900549,-0.38146251746239784,-0.6260680160780937,-0.7511894554439149,0.23728723949809225,1.3763569769736812,-1.0413847988438365,0.0,-0.6651034338122662,-0.7299348911935047,0.14428077209980297,0.0506271289066518,-0.7501744932914993,-1.0060280047479404,-0.8958335580520408,-1.1682312562117463,0
0.4972817167765908,0.3385845816050259,1.1249800281719513,0.8231588424836251,1.4729961971029113,-0.7452007182505505,1.4987928587098607,0.0,-0.7542265457952654,-0.2650465298831394,-0.6141948139621135,-0.6138003075599898,-0.6691523444596567,-1.0257894172412372,-0.2798671938214529,-1.1682312562117463,0
-0.6230716545900549,0.4285904689884539,-0.6260680160780937,0.8916087684804747,0.7486150840242243,0.8308135696303074,0.03626632860318649,0.0,-0.5759803218292671,0.8196929798410465,-0.6145748752212058,2.9127760859937233,-0.6923015298401831,0.8713061821152549,-1.2038167401673348,0.8559949022787887,0
0.4972817167765908,0.3385845816050259,-0.5545966673331939,0.8916087684804747,1.3025535822608674,0.9520454379288349,0.6135794325926631,0.0,-0.3086109858802697,-0.7299348911935047,0.24220988985925868,3.321654508434734,1.5531694520708843,1.3258186694610812,-1.5117999222826288,0.8559949022787887,1
1.6176350881432364,0.3385845816050259,-1.0906317829199423,1.302308324461572,1.6860494656554663,0.8914295037795712,0.0747538688691516,0.0,2.4542054855927034,1.1296185540479566,-0.624203093784878,-0.5115807019497373,-0.6460031590791302,-0.9862665922546436,0.336099170409135,0.8559949022787887,0
-0.6230716545900549,0.3385845816050259,-0.0900329004913452,0.13865958251512944,-0.4870938735805948,-1.5332078621909795,0.5366043520607329,0.0,-0.39773409786326885,-0.42000931698659455,-0.33738353025653683,-0.5115807019497373,-0.6923015298401831,-0.670083992361895,-0.2798671938214529,0.8559949022787887,0
-0.6230716545900549,0.3385845816050259,-0.8047463879403431,1.5761080284489704,1.0042790062872904,-0.8664325865490781,-0.6180218559182203,0.0,-0.7542265457952654,1.98191388311696,-0.33738353025653683,-0.6138003075599898,-0.21774322953939054,-1.0060280047479404,-1.2038167401673348,0.8559949022787887,0
0.4972817167765908,0.3385845816050259,-1.4122528522719915,-0.9565392334344636,-0.4870938735805948,-1.7150556646387707,1.7682056405716162,0.0,-0.5759803218292671,1.98191388311696,-0.6012727311529744,-0.4093610963394847,-0.7154507152207096,-1.0060280047479404,-1.2038167401673348,0.8559949022787887,0
0.4972817167765908,0.4285904689884539,1.1249800281719513,-0.2720399734659679,1.0042790062872904,1.67943664772,0.1517289494010818,0.0,2.4542054855927034,-0.5749721040900496,-0.5362822558481869,-0.3582512935343584,-0.7038761225304464,-0.4527084549356302,0.028115988293841057,0.8559949022787887,0
-0.6230716545900549,-0.38146251746239784,-0.9476890854301427,0.5493591384962269,0.23728723949809225,0.22465422813766972,-0.6949969364501506,0.0,-0.39773409786326885,-0.42000931698659455,0.7897514771249348,2.095019241111703,0.9975890029382489,1.4048643194342683,-0.8958335580520408,0.8559949022787887,1
0.4972817167765908,0.3385845816050259,-1.4122528522719915,-0.1351401214722688,-1.168864332948771,-0.6845847841012868,-0.8104595572480459,0.0,2.4542054855927034,-0.7299348911935047,-0.5617463602073727,-0.6138003075599898,-0.5997047883180773,-1.0257894172412372,1.8760150809856049,-1.1682312562117463,0
-0.6230716545900549,0.15857280683817,1.267922725661751,-0.47738975145651663,0.024233970945537225,0.7095817013317799,-0.3870966143224297,0.0,0.13700457403472593,-0.5749721040900496,-0.5720080142028654,0.10173693171177808,-0.5071080467959714,0.8317833571286614,0.028115988293841057,-1.1682312562117463,0
1.6176350881432364,-6.8618864090692115,-0.9476890854301427,-2.8389121983478267,-1.381917601501326,-2.3818309402806723,2.4609813653589883,0.0,2.0085899256777076,-0.88489767829696,0.8538551428251736,-0.6138003075599898,0.06004699502692705,0.5353621697292095,-0.5878503759367468,0.8559949022787887,0
-0.6230716545900549,0.3385845816050259,0.4817378894678532,0.4124592865025277,0.5781724691821802,1.6188207135707364,-0.8874346377799761,0.0,2.4542054855927034,1.439544128254867,-0.6043132212257131,-0.30714149072923214,-0.6228539736986037,1.2665344319811909,1.260048716755017,-1.1682312562117463,0
0.4972817167765908,0.3385845816050259,1.8396935156209493,0.07020965651827989,-0.2740406050280398,0.406502030585461,-0.3486090740564646,0.0,-0.5759803218292671,1.98191388311696,-0.49308195939802596,-0.5115807019497373,-0.5186826394862346,-0.7096068173484885,-1.2038167401673348,0.8559949022787887,0
0.4972817167765908,0.3385845816050259,-0.19723992360869488,1.7130078804426694,0.4503405080506473,1.3157410428244174,-0.6180218559182203,0.0,0.5826201339497216,1.98191388311696,-0.5270340985436069,-0.6138003075599898,-0.6923015298401831,-1.0257894172412372,-1.2038167401673348,0.8559949022787887,0
-0.6230716545900549,0.15857280683817,0.5889449125852029,-1.2987888634187115,-0.6149258347121278,-1.4119759938924519,0.1902164896670469,0.0,-0.6651034338122662,0.19984183142722597,-0.43227215794325397,0.10173693171177808,-0.7733236786720258,-0.03771879257639757,-0.5878503759367468,-1.1682312562117463,0
0.4972817167765908,0.3385845816050259,0.9820373306821517,1.0285086204741738,1.3025535822608674,0.1034223598391422,-0.5410467753862901,0.0,-0.5759803218292671,-0.42000931698659455,-0.4876344146843693,-0.6138003075599898,-0.4839588614154449,-1.0060280047479404,0.6440823525244289,-1.1682312562117463,0
-0.6230716545900549,0.3385845816050259,0.7676232844474523,-1.3672387894155609,-1.893245446027458,-0.8664325865490781,0.1902164896670469,0.0,-0.9324727697612636,-0.7299348911935047,-0.46977153550703,-0.6138003075599898,-0.4839588614154449,-0.9862665922546436,1.260048716755017,0.8559949022787887,0
1.6176350881432364,0.3385845816050259,-0.48312531858829405,-0.47738975145651663,-0.2740406050280398,-1.0482803889968693,1.3448426976460002,0.0,1.2064819178307156,-0.5749721040900496,-0.37564303033849755,-0.6138003075599898,-0.03254974649517882,-0.8874595297881597,-0.8958335580520408,0.8559949022787887,0
-0.6230716545900549,-0.021438967928685958,0.2673238432331538,-0.6827395294470653,-1.168864332948771,-1.6544397304895069,-0.6180218559182203,0.0,-0.13036476191427146,-0.88489767829696,0.21003136992277519,-0.6138003075599898,-0.42608589796412877,-0.6107997548820046,0.9520655346397229,0.8559949022787887,1
0.4972817167765908,0.06856691945474201,1.911164864365849,-0.40893982545966706,-1.168864332948771,-0.13904137675791287,1.26786761711407,0.0,0.5826201339497216,1.98191388311696,0.5496794484649495,0.15284673451690436,1.0901857444603549,1.2665344319811909,-0.2798671938214529,0.8559949022787887,1
-0.6230716545900549,-0.2914566300789699,2.054107561855649,-2.188637901377756,-0.4444832198700838,1.8006685160185276,-1.0413847988438365,0.0,-1.110718993727262,-0.5749721040900496,-0.27796728675177,-0.460470899144611,-0.5186826394862346,-0.6107997548820046,-0.5878503759367468,0.8559949022787887,1
-0.6230716545900549,-3.261650913732093,0.8033589588199023,-0.06669019547541924,-1.168864332948771,-0.3815051133549679,-0.3870966143224297,0.0,0.13700457403472593,-0.5749721040900496,-0.4028807539067808,-0.6138003075599898,0.10634536578797998,-0.8281752923082693,-0.5878503759367468,0.8559949022787887,0
1.6176350881432364,-0.2014507426955419,-0.6618036904505435,0.686258990489926,-0.6575364884226388,-0.07842544260864909,-1.0028972585778715,0.0,1.6520974777457111,-0.5749721040900496,4.821314626489953,0.6128349597630408,4.2269003635216915,1.0886817195415197,-1.2038167401673348,0.8559949022787887,1
0.4972817167765908,-1.7315508282138175,0.4102665407229534,1.781457806439519,0.40772985434013626,0.5883498330332523,-0.6949969364501506,0.0,-0.04124164993127232,-0.11008374277968429,1.7567540073421735,-0.6138003075599898,0.11791995847824321,-0.7293682298417853,0.6440823525244289,0.8559949022787887,1
0.4972817167765908,-0.7414860669961097,0.2673238432331538,-1.3672387894155609,1.4729961971029113,1.67943664772,-0.7334844767161156,0.0,-1.110718993727262,1.98191388311696,1.5123746177458086,1.2772623962296823,0.5924782587790358,0.574884994715803,0.336099170409135,0.8559949022787887,1
1.6176350881432364,0.3385845816050259,-0.8762177366852429,1.0969585464710234,0.4929511617611583,0.5883498330332523,-0.502559235120325,0.0,-0.13036476191427146,-0.42000931698659455,-0.27936084470177525,-0.6138003075599898,-0.21774322953939054,-0.6898454048551917,0.9520655346397229,-1.1682312562117463,0
6.099048573609819,0.3385845816050259,1.8396935156209493,0.0017597305214303186,0.9616683525767793,0.6489657671825161,0.6520669728586282,0.0,-0.9324727697612636,1.98191388311696,-0.5277942210617916,-0.5626905047548635,-0.5649810102472875,-0.9269823547747532,-0.8958335580520408,-1.1682312562117463,0
-0.6230716545900549,0.3385845816050259,-0.5903323417056437,1.0969585464710234,1.6434388119449554,-0.017809508459385327,0.3056791104649422,0.0,-0.7542265457952654,-0.7299348911935047,-0.38375100386580047,-0.6138003075599898,-0.5765556029375508,-1.0060280047479404,-0.5878503759367468,-1.1682312562117463,0
-0.6230716545900549,0.3385845816050259,0.2673238432331538,-1.0934390854281628,-1.424528255211837,-1.2301281914446607,1.8836682613695117,0.0,-0.5759803218292671,-0.88489767829696,-0.6318043189667245,-0.30714149072923214,-0.7038761225304464,-0.9072209422814564,-0.8958335580520408,0.8559949022787887,0
0.4972817167765908,0.4285904689884539,0.4102665407229534,0.6178090644930764,0.40772985434013626,-0.3815051133549679,-0.8104595572480459,0.0,-0.13036476191427146,-0.88489767829696,-0.6105208884575544,-0.3582512935343584,-0.5186826394862346,0.5946464072090998,-1.5117999222826288,0.8559949022787887,0
1.6176350881432364,0.3385845816050259,0.8748303075648021,-1.3672387894155609,-0.06098733647548478,0.9520454379288349,-0.6565093961841855,0.0,1.2956050298137147,1.98191388311696,-0.3932525353431086,-0.6138003075599898,-0.391362119893339,-0.9665051797613469,0.6440823525244289,-1.1682312562117463,0
-0.6230716545900549,-1.2815213912966774,-1.3765171778995415,-0.3404898994628175,-1.168864332948771,0.16403829398840597,-0.23314645325856925,0.0,-0.39773409786326885,1.98191388311696,0.9862431480756668,2.503897663552713,-0.21774322953939054,0.9108290071018484,1.260048716755017,-1.1682312562117463,1
1.6176350881432364,0.3385845816050259,-1.233574480409742,-1.2303389374218618,-1.168864332948771,0.1034223598391422,-0.3101215337904995,0.0,0.04788146205172681,1.98191388311696,-0.45583595600697807,-0.6138003075599898,-0.6460031590791302,-0.5910383423887078,0.9520655346397229,-1.1682312562117463,0
-0.6230716545900549,0.3385845816050259,-0.7690107135678933,1.5761080284489704,1.0468896599978013,1.0126613720780986,-0.4640716948543599,0.0,1.3847281417967137,-0.42000931698659455,-0.5252604793345095,-0.6138003075599898,-0.6807269371499198,-1.0257894172412372,0.9520655346397229,0.8559949022787887,0
0.4972817167765908,0.3385845816050259,-0.6618036904505435,0.8916087684804747,-1.168864332948771,0.04280642568987844,-0.9644097183119064,0.0,-0.7542265457952654,-0.7299348911935047,-0.43974669603873634,-0.6138003075599898,-0.4839588614154449,-1.0060280047479404,-0.2798671938214529,-1.1682312562117463,0
-0.6230716545900549,0.24857869422159795,-0.5903323417056437,1.302308324461572,1.4729961971029113,0.8914295037795712,-0.6180218559182203,0.0,-0.8433496577782645,0.04487904432377084,-0.5661804082301164,-0.6138003075599898,-0.6228539736986037,-0.7491296423350822,0.336099170409135,0.8559949022787887,0
1.6176350881432364,0.3385845816050259,-1.4479885266444412,0.8231588424836251,-0.14620864389650678,1.19450917452589,-0.5410467753862901,0.0,0.3152507980007242,1.98191388311696,-0.5499644611755106,-0.6138003075599898,-0.6228539736986037,-1.0257894172412372,1.5680318988703108,0.8559949022787887,0
-0.6230716545900549,0.15857280683817,-1.162103131664842,-1.0934390854281628,-0.40187256615957284,-0.19965731090717662,0.9984548352523142,0.0,-0.7542265457952654,-0.88489767829696,0.26906755216844963,0.5106153541527884,-0.49553345410570815,0.574884994715803,-0.8958335580520408,0.8559949022787887,0
-0.6230716545900549,0.4285904689884539,0.2673238432331538,0.0017597305214303186,1.8991027342080213,1.436972911122945,-0.5795343156522552,0.0,-0.8433496577782645,-0.7299348911935047,-0.37260254026575895,2.4016780579424606,-0.784898271362289,-1.0257894172412372,0.9520655346397229,-1.1682312562117463,0
-0.6230716545900549,0.4285904689884539,-0.018561551746445398,0.7547089164867755,0.7912257377347353,1.0126613720780986,1.1524049963161747,0.0,-0.6651034338122662,-0.5749721040900496,-0.6177420523803085,0.10173693171177808,-0.6344285663888669,1.14796595702141,0.336099170409135,0.8559949022787887,0
0.4972817167765908,-0.11144485531211393,0.0529097969984544,0.8231588424836251,0.32250854691911424,1.3157410428244174,-0.8874346377799761,0.0,-0.8433496577782645,0.3548046185306811,2.851077059355341,-0.10270227950872703,5.430658003309068,1.3851029069409715,-0.5878503759367468,-1.1682312562117463,1
0.4972817167765908,-0.11144485531211393,0.1243811457433542,0.0017597305214303186,-0.10359799018599579,0.7701976354810436,-0.6180218559182203,0.0,0.13700457403472593,0.3548046185306811,-0.029533910391753636,-0.6138003075599898,1.1249095225311445,-0.8281752923082693,0.336099170409135,0.8559949022787887,0
0.4972817167765908,0.4285904689884539,0.3387951919780536,1.2338583984647225,0.06684462465604823,0.22465422813766972,0.4981168117947678,0.0,-0.7542265457952654,-0.7299348911935047,-0.5725147625483219,-0.10270227950872703,-0.6112793810083404,0.7922605321420677,-0.2798671938214529,0.8559949022787887,0
-0.6230716545900549,0.3385845816050259,0.0886454713709043,1.439208176455271,-0.9984217181067269,0.1034223598391422,-0.8104595572480459,0.0,-0.39773409786326885,1.98191388311696,-0.3610740154066251,-0.6138003075599898,-0.46080967603491846,-0.19581009252277193,0.6440823525244289,0.8559949022787887,0
0.4972817167765908,0.3385845816050259,-0.0900329004913452,1.6445579544458198,0.4929511617611583,0.7701976354810436,-0.5795343156522552,0.0,-0.6651034338122662,-0.5749721040900496,-0.16736946035590347,-0.5115807019497373,0.453583146495877,0.47607793224931905,0.336099170409135,-1.1682312562117463,0
-0.6230716545900549,0.4285904689884539,0.2673238432331538,1.2338583984647225,-1.2540856403697929,-0.13904137675791287,-0.5795343156522552,0.0,0.9391125818817181,0.04487904432377084,-0.5199396217072169,3.6283133252654918,-0.09042270994649498,3.124107206351089,-1.2038167401673348,-1.1682312562117463,0
0.4972817167765908,0.3385845816050259,0.2673238432331538,1.6445579544458198,1.6860494656554663,1.9219003843170552,-0.9259221780459412,0.0,-1.2889652176932602,0.04487904432377084,-0.5571856250982647,-0.6138003075599898,-0.5997047883180773,0.574884994715803,1.260048716755017,0.8559949022787887,0
0.4972817167765908,0.4285904689884539,0.9820373306821517,-0.40893982545966706,-0.5297045272911058,0.5277338988839886,0.3826541909968725,0.0,-0.5759803218292671,-0.88489767829696,-0.5736549463255988,1.1239329878143036,-0.5649810102472875,1.1084431320348165,0.028115988293841057,0.8559949022787887,0
-0.6230716545900549,-0.6514801796126818,1.0177730050546017,-0.1351401214722688,0.7912257377347353,-1.0482803889968693,2.3070312042951278,0.0,-0.7542265457952654,-0.7299348911935047,0.3110009777549695,-0.6138003075599898,-0.7270253079109729,-1.0257894172412372,0.9520655346397229,0.8559949022787887,0
-0.6230716545900549,0.3385845816050259,2.054107561855649,-2.188637901377756,-1.211474986659282,-0.19965731090717662,-0.15617137272663906,0.0,0.13700457403472593,-0.42000931698659455,-0.1816851011150477,-0.6138003075599898,0.09477077309771675,-1.0257894172412372,0.9520655346397229,-1.1682312562117463,0
-0.6230716545900549,0.3385845816050259,1.6967508181311497,-1.5725885674061097,-1.0410323718172378,-1.957519401235826,2.3840062848270582,0.0,-0.3086109858802697,-0.5749721040900496,0.143140588322526,-0.30714149072923214,0.47673233187640346,-0.19581009252277193,0.6440823525244289,0.8559949022787887,1
0.4972817167765908,0.3385845816050259,-0.0900329004913452,0.207109508511979,0.7912257377347353,0.8914295037795712,-0.7719720169820807,0.0,0.04788146205172681,0.19984183142722597,-0.03270108755085634,0.7150545653732934,1.4142743397877253,1.0293974820616292,0.6440823525244289,0.8559949022787887,0
-0.6230716545900549,0.3385845816050259,2.3757286312076977,-0.8196393814407644,1.4729961971029113,-1.2301281914446607,0.4981168117947678,0.0,-0.9324727697612636,-0.7299348911935047,-0.5707411433392243,-0.05159247670360075,-0.5997047883180773,-0.2155715050160687,0.6440823525244289,0.8559949022787887,0
1.6176350881432364,0.24857869422159795,0.9105659819372519,-0.5458396774533661,0.8764470451557573,-0.13904137675791287,-0.3486090740564646,0.0,-0.7542265457952654,-0.88489767829696,1.1676590557490698,-0.6138003075599898,1.9582801962300975,1.4048643194342683,-0.8958335580520408,0.8559949022787887,1
-0.6230716545900549,-0.4714684048458258,-0.0900329004913452,-1.7094884193998088,-0.7853684495541718,-2.3212150061314083,2.499468905624953,0.0,-0.39773409786326885,-0.88489767829696,2.7897605095551126,-0.6138003075599898,2.7800762772387873,1.3060572569677844,0.6440823525244289,0.8559949022787887,1
-0.6230716545900549,-0.2914566300789699,-0.7690107135678933,0.6178090644930764,0.4929511617611583,0.406502030585461,-0.9259221780459412,0.0,-0.6651034338122662,-0.88489767829696,0.8595560617115585,-0.6138003075599898,0.12949455116850644,0.5551235822225062,1.8760150809856049,-1.1682312562117463,1
-0.6230716545900549,0.3385845816050259,1.4823367718964504,0.207109508511979,0.27989789320860325,-0.4421210475042317,-0.07919629219470883,0.0,-0.2194878738972706,-0.2650465298831394,-0.4501350371205932,0.9194937765937985,-0.5534064175570244,-0.05748020506969437,0.6440823525244289,-1.1682312562117463,0
-0.6230716545900549,0.3385845816050259,0.9105659819372519,-1.0934390854281628,-1.0410323718172378,-1.896903467086562,0.8060171339224886,0.0,0.4043739099837233,-0.88489767829696,-0.24806913436984046,-0.15381208231385332,-0.00940056111465235,0.061088269890086394,-0.5878503759367468,0.8559949022787887,0
-0.6230716545900549,0.06856691945474201,0.9820373306821517,0.7547089164867755,-0.1888192976070178,0.3458860964361973,-0.3486090740564646,0.0,-0.2194878738972706,0.04487904432377084,0.25221816968202326,-0.6138003075599898,0.9049922614161431,-0.670083992361895,1.260048716755017,-1.1682312562117463,1
0.4972817167765908,-1.4615331660635336,0.2673238432331538,0.8916087684804747,0.5355618154716693,0.7095817013317799,-0.9644097183119064,0.0,0.22612768601772507,-0.42000931698659455,0.3059334943004052,0.10173693171177808,-0.5765556029375508,-0.017957380083100778,1.260048716755017,-1.1682312562117463,0
1.6176350881432364,0.3385845816050259,-1.269310154782192,1.3707582504584217,0.024233970945537225,-0.7452007182505505,0.1517289494010818,0.0,0.9391125818817181,1.98191388311696,-0.5508512707800594,-0.6138003075599898,-0.6228539736986037,-1.0060280047479404,0.9520655346397229,0.8559949022787887,0
-0.6230716545900549,0.4285904689884539,0.19585249448825398,0.9600586944773242,1.6434388119449554,0.7701976354810436,-1.0028972585778715,0.0,-0.7542265457952654,-0.5749721040900496,-0.6478935789349662,-0.2049218851189796,-0.7038761225304464,0.47607793224931905,-0.5878503759367468,-1.1682312562117463,0
0.4972817167765908,-2.001568490364101,-1.233574480409742,1.5076581024521207,0.32250854691911424,-0.017809508459385327,-0.848947097514011,0.0,0.13700457403472593,-0.2650465298831394,-0.48522736004345124,-0.6138003075599898,-0.25246700761018026,-0.8676981172948629,0.9520655346397229,0.8559949022787887,0
0.4972817167765908,-1.4615331660635336,1.7324864925035997,-0.8196393814407644,-1.7654134848959249,1.2551251086751538,-0.7719720169820807,0.0,-0.8433496577782645,1.7494697024617774,2.245259412362175,-0.6138003075599898,0.11791995847824321,-0.11676444254958475,-1.2038167401673348,0.8559949022787887,1
0.4972817167765908,0.3385845816050259,-0.018561551746445398,1.2338583984647225,-0.40187256615957284,0.9520454379288349,-0.8104595572480459,0.0,-0.04124164993127232,0.8196929798410465,-0.010784221609865604,0.0506271289066518,0.47673233187640346,-0.27485574249595907,-1.2038167401673348,0.8559949022787887,0
1.6176350881432364,0.24857869422159795,-1.4479885266444412,-0.2720399734659679,1.4303855433924004,-0.13904137675791287,-0.8104595572480459,0.0,1.562974365762712,-0.7299348911935047,-0.03004065873721007,-0.6138003075599898,-0.05569893187570528,-0.2353329175093655,-0.2798671938214529,0.8559949022787887,0
-0.6230716545900549,-0.2014507426955419,-0.018561551746445398,1.302308324461572,1.9417133879185324,0.9520454379288349,0.34416665073090735,0.0,-0.7542265457952654,-0.42000931698659455,0.9098508349981095,-0.6138003075599898,1.8656834547079917,0.10061109487667998,-0.2798671938214529,0.8559949022787887,1
2.7379884595098822,0.3385845816050259,0.2673238432331538,1.5076581024521207,-0.14620864389650678,0.5883498330332523,0.1132414091351167,0.0,-0.9324727697612636,1.98191388311696,-0.531721520739079,-0.6138003075599898,-0.5418318248667611,-1.0257894172412372,1.260048716755017,-1.1682312562117463,0
-0.6230716545900549,-1.2815213912966774,1.7682221668760494,-1.5041386414092601,-0.7853684495541718,-0.32088917920570414,-0.8104595572480459,0.0,-0.8433496577782645,-0.88489767829696,1.8768533652153483,0.20395653732203065,0.453583146495877,0.3377480447962415,-0.5878503759367468,0.8559949022787887,1
0.4972817167765908,0.3385845816050259,-1.5194598753893411,-0.1351401214722688,-1.0410323718172378,0.28527016228693347,-0.7334844767161156,0.0,2.4542054855927034,-0.7299348911935047,0.11843660648152488,1.3283721990348087,0.03689780964640058,1.2072501945013003,1.8760150809856049,-1.1682312562117463,1
-0.6230716545900549,0.24857869422159795,0.5889449125852029,-1.5725885674061097,-1.424528255211837,-1.5938237963402433,1.652743019773721,0.0,-0.48685720984626796,-0.7299348911935047,-0.5943049414029484,-0.15381208231385332,-0.6923015298401831,1.068920307048223,-0.8958335580520408,0.8559949022787887,0
-0.6230716545900549,0.3385845816050259,1.7682221668760494,0.4809092124993773,-0.2314299513175288,-0.3815051133549679,-0.4640716948543599,0.0,-0.39773409786326885,-0.11008374277968429,-0.48408717626617426,-0.4093610963394847,-0.5186826394862346,-0.8281752923082693,0.6440823525244289,-1.1682312562117463,0
-0.6230716545900549,0.3385845816050259,-1.8410809447413903,-2.667787383355703,-1.083643025527749,-2.684910611026991,-0.3101215337904995,0.0,1.1173588058477164,-0.88489767829696,-0.4196034493068431,-0.6138003075599898,-0.4839588614154449,-1.0060280047479404,0.336099170409135,-1.1682312562117463,0
-0.6230716545900549,0.3385845816050259,1.3393940744066508,-0.40893982545966706,0.5781724691821802,-0.017809508459385327,-1.0028972585778715,0.0,-0.48685720984626796,-0.7299348911935047,-0.315339977229182,-0.6138003075599898,0.43043396111535054,-0.7886524673216757,-0.2798671938214529,-1.1682312562117463,0
-0.6230716545900549,0.4285904689884539,-0.8762177366852429,0.207109508511979,-0.9558110643962159,0.5277338988839886,-0.5795343156522552,0.0,-0.5759803218292671,1.98191388311696,-0.5108181514890011,-0.6138003075599898,-0.2640416003004435,-0.8084138798149725,-1.2038167401673348,0.8559949022787887,0
0.4972817167765908,0.3385845816050259,0.0886454713709043,-0.3404898994628175,0.32250854691911424,-1.2907441255939245,2.1915685834972325,0.0,-0.5759803218292671,-0.5749721040900496,-0.45178196924332664,-0.6138003075599898,-0.5997047883180773,-0.6305611673753013,0.028115988293841057,0.8559949022787887,0
-0.6230716545900549,-0.2914566300789699,0.4817378894678532,-2.1201879753809063,-1.680192177474903,-0.4421210475042317,-0.6949969364501506,0.0,-0.3086109858802697,-0.11008374277968429,2.602643682995325,-0.4093610963394847,0.6272020368498255,0.8317833571286614,0.336099170409135,-1.1682312562117463,1
-0.6230716545900549,-0.2014507426955419,1.3393940744066508,-0.888089307437614,0.10945527836655923,-0.5633529158027593,1.5372803989758257,0.0,2.186836149643706,0.3548046185306811,2.074358532856993,0.9194937765937985,0.5114561099471931,0.3179866323029447,-0.5878503759367468,0.8559949022787887,1
0.4972817167765908,0.3385845816050259,1.4108654231515505,-1.2303389374218618,1.1321109674188232,-0.017809508459385327,-0.3101215337904995,0.0,-0.5759803218292671,-0.7299348911935047,-0.562126421466465,0.7150545653732934,-0.5418318248667611,1.14796595702141,1.5680318988703108,0.8559949022787887,0
1.6176350881432364,0.3385845816050259,-0.8047463879403431,1.0285086204741738,1.0468896599978013,0.3458860964361973,-0.4255841545883948,0.0,-0.8433496577782645,-0.5749721040900496,-0.15419400337403621,-0.6138003075599898,0.06004699502692705,-0.13652585504288153,-1.5117999222826288,-1.1682312562117463,0
-0.6230716545900549,-0.11144485531211393,-0.0900329004913452,-0.47738975145651663,-1.722802831185414,-1.896903467086562,2.422493825093023,0.0,-0.8433496577782645,-0.5749721040900496,-0.12619615728756828,-0.6138003075599898,-0.33348915644202287,-0.13652585504288153,0.9520655346397229,0.8559949022787887,1
-0.6230716545900549,-1.4615331660635336,-0.37591829547094435,1.7130078804426694,0.6633937766032023,0.1034223598391422,-1.0413847988438365,0.0,1.6520974777457111,0.04487904432377084,2.011901799279488,1.58392121306044,0.34941181228350787,0.47607793224931905,0.9520655346397229,0.8559949022787887,1
-0.6230716545900549,0.3385845816050259,0.6246805869576527,0.207109508511979,-1.083643025527749,0.7095817013317799,-0.7334844767161156,0.0,2.4542054855927034,1.98191388311696,-0.5422365489073,-0.6138003075599898,-0.6691523444596567,-1.0060280047479404,1.260048716755017,-1.1682312562117463,0
2.7379884595098822,0.4285904689884539,1.6967508181311497,-0.3404898994628175,0.15206593207707023,0.9520454379288349,-0.4640716948543599,0.0,1.7412205897287103,-0.2650465298831394,-0.5608595506028239,1.0728231850091772,-0.5534064175570244,-0.11676444254958475,0.6440823525244289,-1.1682312562117463,0
-0.6230716545900549,0.24857869422159795,-1.4837242010168912,-1.5041386414092601,-1.680192177474903,-0.4421210475042317,-0.7719720169820807,0.0,0.49349702196672246,-0.88489767829696,-0.4106086661749914,-0.6138003075599898,-0.5649810102472875,-1.0257894172412372,0.336099170409135,0.8559949022787887,0
-0.6230716545900549,0.3385845816050259,0.8033589588199023,1.1654084724678728,1.5582175045239333,-0.6845847841012868,0.3056791104649422,0.0,-0.8433496577782645,-0.2650465298831394,-0.15761455470586713,-0.30714149072923214,0.8586938906550902,-0.571276929895411,1.5680318988703108,0.8559949022787887,0
-0.6230716545900549,0.4285904689884539,-0.0900329004913452,-0.3404898994628175,-0.8279791032646828,0.7095817013317799,-1.0413847988438365,0.0,1.9194668136947086,-0.7299348911935047,-0.6115343851484673,0.35728594573740946,-0.738599900601236,0.39703228227613185,0.9520655346397229,0.8559949022787887,0
-0.6230716545900549,-0.38146251746239784,-1.4479885266444412,0.07020965651827989,-0.06098733647548478,-0.9270485206983418,1.1139174560502094,0.0,-0.8433496577782645,-0.7299348911935047,1.5572218463187029,-0.460470899144611,0.7892463345135108,-0.5515155174021142,-0.8958335580520408,0.8559949022787887,1
-0.6230716545900549,0.3385845816050259,0.5889449125852029,0.4809092124993773,0.7060044303137133,0.22465422813766972,-0.9259221780459412,0.0,0.7608663579157199,-0.7299348911935047,-0.36158076375208154,0.7661643681784197,0.013748624265874117,-0.7886524673216757,0.6440823525244289,0.8559949022787887,0
-0.6230716545900549,0.06856691945474201,0.9820373306821517,-2.257087827374605,-1.168864332948771,-0.5027369816534955,-0.8874346377799761,0.0,-0.5759803218292671,-0.88489767829696,-0.5581991217891776,-0.10270227950872703,-0.3450637491322861,-0.5317541049088174,-0.5878503759367468,0.8559949022787887,0
-0.6230716545900549,0.4285904689884539,0.7676232844474523,0.5493591384962269,-0.7001471421331499,-0.9876644548476056,2.1915685834972325,0.0,-0.6651034338122662,0.5097674056341363,-0.5378025008845562,0.8683839737886722,-0.35663834182254933,-0.03771879257639757,-1.5117999222826288,0.8559949022787887,0
1.6176350881432364,0.3385845816050259,-1.0191604341750424,-0.6142896034502158,-0.3166512587385508,-0.4421210475042317,1.1524049963161747,0.0,-0.6651034338122662,-0.88489767829696,-0.62179603914396,-0.30714149072923214,-0.4839588614154449,0.9108290071018484,0.336099170409135,0.8559949022787887,0
-0.6230716545900549,0.24857869422159795,0.6961519357025525,-0.47738975145651663,-1.637581523764392,-1.6544397304895069,1.1908925365821397,0.0,-0.39773409786326885,-0.88489767829696,0.6327861771198046,0.40839574854253574,2.201346642725625,0.6934534696755837,-0.8958335580520408,0.8559949022787887,1
-0.6230716545900549,0.3385845816050259,-1.4479885266444412,-1.8463882713935078,-0.5297045272911058,-0.017809508459385327,-0.23314645325856925,0.0,-0.9324727697612636,-0.2650465298831394,-0.38476450055671335,0.15284673451690436,0.04847240233666382,0.8910675946085517,0.6440823525244289,0.8559949022787887,0
-0.6230716545900549,0.3385845816050259,1.1249800281719513,0.207109508511979,1.9417133879185324,-0.13904137675791287,0.7675295936565235,0.0,-0.6651034338122662,-0.7299348911935047,-0.5936715059711279,-0.6138003075599898,-0.7270253079109729,-0.31437856748255266,0.028115988293841057,-1.1682312562117463,0
0.4972817167765908,0.3385845816050259,-1.162103131664842,0.9600586944773242,0.32250854691911424,1.1338932403766262,-0.6949969364501506,0.0,-0.5759803218292671,-0.5749721040900496,-0.3171135964382795,-0.5626905047548635,-0.14829567339781116,-0.9665051797613469,0.9520655346397229,0.8559949022787887,0
-0.6230716545900549,0.3385845816050259,-1.4122528522719915,-0.2720399734659679,-0.9558110643962159,-0.13904137675791287,-0.8874346377799761,0.0,0.04788146205172681,-0.7299348911935047,-0.5248804180754171,-0.6138003075599898,-0.19459404415886408,-0.7491296423350822,1.8760150809856049,-1.1682312562117463,0
0.4972817167765908,0.4285904689884539,0.19585249448825398,0.7547089164867755,0.32250854691911424,0.04280642568987844,-0.6565093961841855,0.0,0.7608663579157199,-0.5749721040900496,-0.5484442161391413,1.021713382204051,-0.49553345410570815,0.14013391986327356,-1.5117999222826288,0.8559949022787887,0
-0.6230716545900549,0.24857869422159795,0.0886454713709043,0.207109508511979,0.5781724691821802,0.5883498330332523,-1.0028972585778715,0.0,1.4738512537797128,-0.7299348911935047,-0.43062522582052054,-0.5115807019497373,0.10634536578797998,1.622239856860533,-0.5878503759367468,0.8559949022787887,0
4.978695202243173,0.3385845816050259,-0.23297559798114478,0.686258990489926,0.5781724691821802,0.9520454379288349,-0.8104595572480459,0.0,-0.2194878738972706,-0.7299348911935047,-0.6423193471349455,-0.4093610963394847,-0.5418318248667611,0.5353621697292095,0.6440823525244289,-1.1682312562117463,0
-0.6230716545900549,0.3385845816050259,0.9820373306821517,0.207109508511979,-1.083643025527749,-0.5027369816534955,-0.502559235120325,0.0,-0.5759803218292671,-0.5749721040900496,-0.45811632356153204,-0.6138003075599898,-0.3450637491322861,-1.0257894172412372,-0.8958335580520408,-1.1682312562117463,0
-0.6230716545900549,0.3385845816050259,0.7318876100750025,0.07020965651827989,-0.4444832198700838,-0.5633529158027593,-0.4255841545883948,0.0,-0.6651034338122662,0.5097674056341363,-0.5086644710208112,-0.6138003075599898,-0.5418318248667611,-1.0257894172412372,-1.2038167401673348,0.8559949022787887,0
-0.6230716545900549,0.3385845816050259,-0.9119534110576928,0.8916087684804747,-0.6575364884226388,1.3157410428244174,-0.8874346377799761,0.0,-1.2889652176932602,-0.5749721040900496,-0.5864503420483738,-0.6138003075599898,-0.5649810102472875,-0.6107997548820046,-0.2798671938214529,0.8559949022787887,0
1.6176350881432364,0.3385845816050259,-0.19723992360869488,0.34400936050567815,-0.2740406050280398,-0.32088917920570414,-0.502559235120325,0.0,0.22612768601772507,1.9044324895652325,-0.2839215798108831,0.20395653732203065,-0.3103399710614964,0.3377480447962415,-0.8958335580520408,-1.1682312562117463,0
-0.6230716545900549,0.06856691945474201,-1.1263674572923923,0.686258990489926,0.3651192006296253,-1.957519401235826,2.1915685834972325,0.0,-0.8433496577782645,-0.5749721040900496,0.6047883310333366,-0.5115807019497373,2.3633909403893107,0.2982252198096479,-1.5117999222826288,0.8559949022787887,1
-0.6230716545900549,0.3385845816050259,-0.9119534110576928,0.7547089164867755,-0.8705897569751938,0.4671179647347248,-1.0028972585778715,0.0,-0.5759803218292671,-0.7299348911935047,-0.5872104645665585,-0.6138003075599898,-0.7154507152207096,0.001804032410196014,-0.2798671938214529,0.8559949022787887,0
-0.6230716545900549,0.15857280683817,-1.0191604341750424,0.6178090644930764,1.2599429285503563,0.9520454379288349,-0.2716339935245344,0.0,0.6717432459327207,-0.7299348911935047,-0.508284409761719,-0.6138003075599898,-0.6344285663888669,-1.0060280047479404,-1.2038167401673348,-1.1682312562117463,0
-0.6230716545900549,0.3385845816050259,-1.0548961085474924,0.8231588424836251,-1.2540856403697929,-0.5633529158027593,0.1517289494010818,0.0,-0.48685720984626796,-0.5749721040900496,-0.5179126283253912,-0.30714149072923214,-0.7038761225304464,-0.43294704244233345,0.336099170409135,-1.1682312562117463,0
-0.6230716545900549,0.3385845816050259,0.5174735638403031,1.439208176455271,-1.850634792316947,-0.9270485206983418,-0.6949969364501506,0.0,-0.7542265457952654,0.8196929798410465,-0.3022912073336788,-0.6138003075599898,-0.3450637491322861,1.049158894554926,1.5680318988703108,-1.1682312562117463,0
-0.6230716545900549,-2.451597927281241,-0.19723992360869488,-1.0249891594313132,0.9190576988662683,1.6188207135707364,-1.0413847988438365,0.0,-0.5759803218292671,-0.2650465298831394,5.674425466065859,-0.15381208231385332,2.282368791557468,1.3653414944476747,-1.2038167401673348,0.8559949022787887,1
-0.6230716545900549,0.3385845816050259,-0.05429722611889529,-0.20359004746911838,1.2173322748398454,1.436972911122945,-1.0413847988438365,0.0,-0.48685720984626796,-0.42000931698659455,-0.37184241774757426,-0.6138003075599898,0.2915388488321917,-0.7886524673216757,0.9520655346397229,0.8559949022787887,0
0.4972817167765908,0.3385845816050259,-1.6266668985066908,0.9600586944773242,0.7060044303137133,-0.3815051133549679,2.1530810432312673,0.0,-0.5759803218292671,1.98191388311696,-0.5452770389800385,-0.6138003075599898,-0.5649810102472875,-1.0257894172412372,-1.5117999222826288,0.8559949022787887,0
-0.6230716545900549,0.3385845816050259,-0.0900329004913452,1.0285086204741738,0.15206593207707023,-1.1695122572953969,-0.4640716948543599,0.0,-0.7542265457952654,0.19984183142722597,-0.2193111657651879,-0.6138003075599898,0.03689780964640058,0.8515447696219581,1.8760150809856049,-1.1682312562117463,0
-0.6230716545900549,0.3385845816050259,0.0171741226260045,-0.6827395294470653,-0.06098733647548478,1.2551251086751538,-0.848947097514011,0.0,-0.13036476191427146,-0.7299348911935047,-0.4511485338115061,-0.6138003075599898,0.21051670000034908,-0.7491296423350822,-0.2798671938214529,0.8559949022787887,0
-0.6230716545900549,0.3385845816050259,0.0171741226260045,0.4809092124993773,-0.7001471421331499,0.5277338988839886,-1.0413847988438365,0.0,0.3152507980007242,-0.5749721040900496,-0.36778843098392283,-0.6138003075599898,-0.6575777517693934,-0.4527084549356302,0.028115988293841057,-1.1682312562117463,0
-0.6230716545900549,0.4285904689884539,0.5174735638403031,0.686258990489926,-0.7001471421331499,1.436972911122945,-0.4255841545883948,0.0,-0.04124164993127232,0.04487904432377084,-0.6244564679576062,-0.0004826738984744764,-0.5997047883180773,1.0096360695683324,0.6440823525244289,0.8559949022787887,0
1.6176350881432364,0.3385845816050259,0.0171741226260045,-0.40893982545966706,0.6207831228926913,0.406502030585461,0.9984548352523142,0.0,1.2956050298137147,1.98191388311696,-0.36854855350210747,-0.6138003075599898,-0.6807269371499198,-1.0257894172412372,0.6440823525244289,0.8559949022787887,0
-0.6230716545900549,-2.181580265130957,0.9820373306821517,-2.257087827374605,-0.7853684495541718,-0.07842544260864909,-0.4255841545883948,0.0,-0.9324727697612636,-0.7299348911935047,2.5911151581361906,-0.6138003075599898,3.6944690997695826,1.5827170318739394,0.9520655346397229,0.8559949022787887,1
-0.6230716545900549,-5.511798098317792,1.8754291899933992,-1.0934390854281628,1.8138814267869994,-1.8362875329372983,1.7682056405716162,0.0,-0.6651034338122662,-0.5749721040900496,-0.11074033275114706,-0.6138003075599898,-0.41451130527386554,-0.9665051797613469,0.6440823525244289,0.8559949022787887,0
0.4972817167765908,0.4285904689884539,-0.23297559798114478,0.686258990489926,1.1747216211293343,-0.13904137675791287,0.22870402993301203,0.0,-0.2194878738972706,-0.88489767829696,-0.6514408173531613,0.3061761429322832,-0.7617490859817625,1.068920307048223,-1.5117999222826288,0.8559949022787887,0
-0.6230716545900549,0.06856691945474201,-1.5194598753893411,-0.7511894554439149,-1.381917601501326,-1.108896323146133,2.499468905624953,0.0,-0.5759803218292671,-0.88489767829696,-0.20043478989693575,-0.6138003075599898,-0.5418318248667611,0.673692057182287,1.260048716755017,-1.1682312562117463,0
0.4972817167765908,0.4285904689884539,-1.3765171778995415,-1.6410384934029592,-1.594970870053881,0.5883498330332523,-1.0028972585778715,0.0,0.13700457403472593,-0.11008374277968429,-0.6315509447939963,-0.30714149072923214,-0.7154507152207096,-0.7491296423350822,-0.5878503759367468,-1.1682312562117463,0
-0.6230716545900549,0.3385845816050259,-0.5545966673331939,0.34400936050567815,-0.6575364884226388,0.4671179647347248,-0.04070875192874373,0.0,-0.5759803218292671,-0.7299348911935047,-0.09515782112836174,-0.5626905047548635,0.14106914385876967,-0.8084138798149725,-1.5117999222826288,0.8559949022787887,0
-0.6230716545900549,0.24857869422159795,1.3751297487791005,0.7547089164867755,0.5781724691821802,-0.7452007182505505,0.7290420533905584,0.0,-0.48685720984626796,1.98191388311696,-0.37678321411577453,-0.6138003075599898,-0.44923508334465523,-1.0257894172412372,0.028115988293841057,-1.1682312562117463,0
-0.6230716545900549,0.24857869422159795,-1.5194598753893411,0.6178090644930764,1.7286601193659774,-0.13904137675791287,-0.8104595572480459,0.0,-0.8433496577782645,0.6647301927375914,-0.46977153550703,-0.6138003075599898,-0.2756161929907067,0.21917956983646072,-0.5878503759367468,0.8559949022787887,0
-0.6230716545900549,0.4285904689884539,0.9105659819372519,-0.9565392334344636,0.40772985434013626,1.0126613720780986,-0.848947097514011,0.0,1.6520974777457111,-0.7299348911935047,-0.6330711898303656,-0.6138003075599898,-0.7270253079109729,-0.8479367048015661,0.336099170409135,0.8559949022787887,0
-0.6230716545900549,0.3385845816050259,-0.48312531858829405,0.5493591384962269,-1.722802831185414,-0.8664325865490781,-0.2716339935245344,0.0,1.1173588058477164,1.2845813411514118,-0.45507583348879344,-0.6138003075599898,-0.6691523444596567,-0.9665051797613469,0.9520655346397229,0.8559949022787887,0
-0.6230716545900549,0.3385845816050259,-1.5909312241342408,-1.6410384934029592,0.3651192006296253,-1.5938237963402433,1.8836682613695117,0.0,2.4542054855927034,1.98191388311696,-0.46305711992973225,-0.6138003075599898,-0.7733236786720258,-1.0257894172412372,0.9520655346397229,0.8559949022787887,0
0.4972817167765908,0.4285904689884539,-1.0548961085474924,0.8231588424836251,0.27989789320860325,-0.13904137675791287,-0.6180218559182203,0.0,-0.5759803218292671,1.98191388311696,-0.5151255124253807,0.5106153541527884,-0.33348915644202287,-0.7491296423350822,0.6440823525244289,0.8559949022787887,0
0.4972817167765908,0.3385845816050259,0.6246805869576527,1.7130078804426694,1.1321109674188232,-0.4421210475042317,0.7290420533905584,0.0,-0.3086109858802697,0.04487904432377084,-0.27518017085175966,-0.6138003075599898,-0.5302572321764979,-1.0257894172412372,-1.2038167401673348,-1.1682312562117463,0
-0.6230716545900549,0.15857280683817,-1.0906317829199423,1.302308324461572,1.6008281582344444,0.8914295037795712,-0.3870966143224297,0.0,-0.5759803218292671,-0.42000931698659455,-0.12492928642392719,-0.05159247670360075,-0.5418318248667611,-0.6305611673753013,0.336099170409135,0.8559949022787887,1
0.4972817167765908,0.3385845816050259,-1.0906317829199423,0.6178090644930764,-0.2314299513175288,0.8914295037795712,0.1517289494010818,0.0,-0.9324727697612636,-0.42000931698659455,-0.3296556179883262,1.2772623962296823,-0.46080967603491846,0.10061109487667998,-0.8958335580520408,-1.1682312562117463,0
0.4972817167765908,0.3385845816050259,-1.0191604341750424,1.1654084724678728,1.6434388119449554,0.3458860964361973,-0.6949969364501506,0.0,-0.3086109858802697,-0.11008374277968429,0.20382370269093386,0.8172741709835459,0.9628652248674593,0.9898746570750356,1.260048716755017,-1.1682312562117463,1
0.4972817167765908,0.24857869422159795,0.9820373306821517,0.4809092124993773,1.6008281582344444,0.3458860964361973,-0.9644097183119064,0.0,-1.110718993727262,-0.42000931698659455,1.0280498865758225,-0.6138003075599898,2.687479535716681,-0.09700303005628795,1.8760150809856049,-1.1682312562117463,1
-0.6230716545900549,-0.2014507426955419,-0.16150424923624498,-0.7511894554439149,-1.1262536792382598,-1.1695122572953969,-1.0028972585778715,0.0,-0.9324727697612636,-0.88489767829696,0.4528905144827708,-0.6138003075599898,-0.4029367125836023,0.15989533235657036,-0.8958335580520408,0.8559949022787887,0
-0.6230716545900549,0.3385845816050259,0.9820373306821517,-0.1351401214722688,-1.722802831185414,-0.3815051133549679,-1.0413847988438365,0.0,-0.48685720984626796,0.04487904432377084,-0.2864553215381653,-0.6138003075599898,-0.2987653783712332,-1.0257894172412372,1.260048716755017,-1.1682312562117463,0
-0.6230716545900549,-1.6415449408303895,-0.6260680160780937,-0.8196393814407644,-0.4870938735805948,1.5582047794214726,-1.0028972585778715,0.0,1.2956050298137147,-0.42000931698659455,2.516623151354095,-0.30714149072923214,-0.05569893187570528,-1.0257894172412372,1.8760150809856049,-1.1682312562117463,1
0.4972817167765908,0.4285904689884539,-0.19723992360869488,0.686258990489926,0.7486150840242243,-0.3815051133549679,0.4596292715288027,0.0,0.7608663579157199,-0.5749721040900496,-0.6100141401120979,-0.4093610963394847,-0.588130195627814,-0.8874595297881597,0.028115988293841057,-1.1682312562117463,0
0.4972817167765908,0.24857869422159795,-1.0191604341750424,-1.0249891594313132,0.7060044303137133,0.28527016228693347,-0.5410467753862901,0.0,1.3847281417967137,-0.11008374277968429,-0.5631399181573779,-0.4093610963394847,-0.5302572321764979,-0.9665051797613469,-1.2038167401673348,0.8559949022787887,0
1.6176350881432364,0.24857869422159795,1.7682221668760494,0.4809092124993773,1.1747216211293343,0.1034223598391422,-0.6180218559182203,0.0,-0.8433496577782645,1.1296185540479566,0.17177186984081447,-0.6138003075599898,0.2915388488321917,-0.9269823547747532,0.028115988293841057,-1.1682312562117463,0
-0.6230716545900549,0.3385845816050259,-1.0906317829199423,0.5493591384962269,0.15206593207707023,0.7095817013317799,-0.07919629219470883,0.0,-0.6651034338122662,0.9746557669445016,-0.40731480192952463,1.1750427906194298,-0.391362119893339,-0.5119926924155206,-1.5117999222826288,-1.1682312562117463,0
-0.6230716545900549,0.3385845816050259,-0.9476890854301427,0.207109508511979,-0.4870938735805948,-0.8058166523998143,0.3056791104649422,0.0,-0.6651034338122662,-0.7299348911935047,-0.6223027874894164,-0.30714149072923214,-0.6575777517693934,0.5551235822225062,0.028115988293841057,-1.1682312562117463,0
-0.6230716545900549,0.3385845816050259,0.3745308663505035,-0.06669019547541924,0.9616683525767793,1.19450917452589,-0.07919629219470883,0.0,0.3152507980007242,-0.7299348911935047,-0.5035969875662469,-0.6138003075599898,-0.4723842687251817,-1.0257894172412372,-0.8958335580520408,0.8559949022787887,0
-0.6230716545900549,0.3385845816050259,-0.6260680160780937,1.918357658433218,0.4503405080506473,-0.7452007182505505,-0.9259221780459412,0.0,-1.110718993727262,1.1296185540479566,-0.13987836261489198,-0.30714149072923214,0.5809036660887725,-0.07724161756299115,0.028115988293841057,0.8559949022787887,0
-0.6230716545900549,0.3385845816050259,-1.0548961085474924,-0.1351401214722688,1.1747216211293343,0.1034223598391422,0.1517289494010818,0.0,0.4043739099837233,-0.2650465298831394,-0.40300744099314495,-0.2049218851189796,0.5693290733985094,0.39703228227613185,1.5680318988703108,-1.1682312562117463,0
1.6176350881432364,0.3385845816050259,-1.162103131664842,1.2338583984647225,1.2173322748398454,1.1338932403766262,-0.6565093961841855,0.0,-0.8433496577782645,0.3548046185306811,-0.5390693717481972,-0.6138003075599898,-0.21774322953939054,-0.9665051797613469,-1.2038167401673348,0.8559949022787887,0
-0.6230716545900549,0.3385845816050259,0.9820373306821517,-1.6410384934029592,-0.40187256615957284,-1.2301281914446607,1.1524049963161747,0.0,-0.2194878738972706,-0.42000931698659455,-0.545783787325495,-0.6138003075599898,-0.7501744932914993,-0.6898454048551917,-0.8958335580520408,0.8559949022787887,0
0.4972817167765908,0.4285904689884539,0.9105659819372519,-1.1618890114250122,-0.10359799018599579,0.7095817013317799,-0.5795343156522552,0.0,-0.48685720984626796,-0.88489767829696,-0.617108616948488,-0.6138003075599898,-0.6228539736986037,-0.3341399799758495,1.260048716755017,0.8559949022787887,0
0.4972817167765908,0.24857869422159795,0.0886454713709043,1.2338583984647225,0.5355618154716693,1.0126613720780986,-0.9644097183119064,0.0,-0.9324727697612636,0.04487904432377084,0.9125112638117557,-0.6138003075599898,1.3332521909558828,0.21917956983646072,-1.5117999222826288,-1.1682312562117463,1
-0.6230716545900549,0.24857869422159795,-1.4837242010168912,0.8231588424836251,-0.3166512587385508,-0.623968849952023,0.5366043520607329,0.0,-0.39773409786326885,1.98191388311696,-0.059432062773683195,-0.6138003075599898,0.8471192979648269,-0.7886524673216757,0.028115988293841057,0.8559949022787887,1
-0.6230716545900549,0.3385845816050259,1.946900538738299,-2.257087827374605,-0.5297045272911058,-2.8667584134747823,2.691906606954779,0.0,-0.48685720984626796,-0.5749721040900496,-0.4374663284841824,-0.6138003075599898,-0.6807269371499198,-0.9072209422814564,0.336099170409135,0.8559949022787887,0
1.6176350881432364,0.3385845816050259,0.2673238432331538,0.34400936050567815,-1.424528255211837,-1.108896323146133,-0.7719720169820807,0.0,0.9391125818817181,-0.11008374277968429,-0.3918589773931034,-0.6138003075599898,-0.19459404415886408,-1.0060280047479404,1.260048716755017,-1.1682312562117463,0
0.4972817167765908,0.3385845816050259,-1.0906317829199423,0.8916087684804747,1.2599429285503563,0.16403829398840597,-0.8874346377799761,0.0,-0.8433496577782645,-0.42000931698659455,-0.5861969678756456,-0.6138003075599898,-0.7617490859817625,-1.0257894172412372,-1.2038167401673348,0.8559949022787887,0
1.6176350881432364,0.24857869422159795,-1.6266668985066908,0.4124592865025277,0.10945527836655923,0.5883498330332523,-0.15617137272663906,0.0,2.0977130376607067,1.98191388311696,-0.5543985091982544,-0.6138003075599898,-0.6923015298401831,-0.8676981172948629,0.9520655346397229,0.8559949022787887,1
-0.6230716545900549,0.3385845816050259,-0.8047463879403431,1.3707582504584217,-0.2314299513175288,-0.2602732450564404,-1.0028972585778715,0.0,-0.39773409786326885,1.1296185540479566,-0.5817629198529017,-0.6138003075599898,-0.7270253079109729,-0.4527084549356302,0.028115988293841057,0.8559949022787887,0
0.4972817167765908,0.24857869422159795,-0.018561551746445398,0.8916087684804747,0.4503405080506473,0.28527016228693347,0.03626632860318649,0.0,-0.39773409786326885,-0.2650465298831394,-0.5853101582710968,-0.6138003075599898,-0.5071080467959714,0.7922605321420677,0.028115988293841057,-1.1682312562117463,0
0.4972817167765908,0.3385845816050259,-0.9476890854301427,-0.40893982545966706,-0.8279791032646828,1.5582047794214726,-0.07919629219470883,0.0,-0.6651034338122662,0.04487904432377084,-0.5412230522163871,-0.6138003075599898,-0.5649810102472875,-1.0257894172412372,0.336099170409135,0.8559949022787887,0
0.4972817167765908,0.24857869422159795,-0.9476890854301427,-0.06669019547541924,1.0468896599978013,1.0732773062273624,0.7675295936565235,0.0,-0.6651034338122662,1.98191388311696,-0.4462077374433059,-0.0004826738984744764,-0.5534064175570244,-0.9467437672680501,-1.2038167401673348,-1.1682312562117463,0
-0.6230716545900549,-1.6415449408303895,-0.6975393648229935,-2.0517380493840567,-1.4671389089223479,-2.2605990719821447,1.8451807211035465,0.0,-0.6651034338122662,-0.88489767829696,0.7127257286155569,-0.4093610963394847,-0.5071080467959714,-1.0257894172412372,-1.2038167401673348,0.8559949022787887,0
-0.6230716545900549,0.3385845816050259,-0.518860992960744,-1.4356887154124105,-1.211474986659282,-0.9876644548476056,1.8451807211035465,0.0,-0.3086109858802697,-0.7299348911935047,-0.5614929860346445,-0.6138003075599898,-0.7733236786720258,-1.0060280047479404,-0.5878503759367468,-1.1682312562117463,0
0.4972817167765908,0.4285904689884539,0.0529097969984544,0.7547089164867755,0.7912257377347353,0.22465422813766972,-0.9259221780459412,0.0,-0.5759803218292671,-0.7299348911935047,-0.39097216778855465,1.6350310158655663,0.14106914385876967,0.4563165197560223,0.6440823525244289,-1.1682312562117463,0
-0.6230716545900549,0.3385845816050259,0.9820373306821517,-1.2303389374218618,-2.021077407158991,-0.5633529158027593,-0.7719720169820807,0.0,-1.0215958817442627,-0.88489767829696,-0.15267375833766691,0.0506271289066518,0.04847240233666382,-0.4922312799222238,-1.5117999222826288,0.8559949022787887,0
0.4972817167765908,0.3385845816050259,0.0529097969984544,0.9600586944773242,0.7060044303137133,-0.07842544260864909,-0.3870966143224297,0.0,-0.6651034338122662,1.98191388311696,-0.2152571790015364,-0.6138003075599898,0.013748624265874117,-0.9862665922546436,0.9520655346397229,0.8559949022787887,0
-0.6230716545900549,0.06856691945474201,-0.19723992360869488,0.4124592865025277,-0.8705897569751938,0.28527016228693347,-0.8104595572480459,0.0,-0.5759803218292671,-0.7299348911935047,-0.16990320208318563,0.7150545653732934,0.754522556442721,2.5510262440454823,-0.5878503759367468,-1.1682312562117463,1
-0.6230716545900549,0.24857869422159795,-1.233574480409742,0.4809092124993773,0.15206593207707023,1.2551251086751538,-1.0028972585778715,0.0,-1.110718993727262,1.98191388311696,0.35002060035511484,-0.6138003075599898,1.2175062640532504,-0.8874595297881597,-1.2038167401673348,-1.1682312562117463,1
7.219401944976465,0.4285904689884539,-0.0900329004913452,0.9600586944773242,0.4929511617611583,0.22465422813766972,-0.6180218559182203,0.0,-0.5759803218292671,-0.7299348911935047,-0.5130985190435551,0.9706035793989247,-0.5302572321764979,-0.37366280496244303,0.336099170409135,0.8559949022787887,0
2.7379884595098822,0.3385845816050259,1.6967508181311497,0.207109508511979,0.40772985434013626,-1.2301281914446607,0.4981168117947678,0.0,1.7412205897287103,-0.7299348911935047,-0.5626331698119214,-0.460470899144611,-0.41451130527386554,-1.0257894172412372,-0.8958335580520408,-1.1682312562117463,0
-0.6230716545900549,-0.021438967928685958,0.9820373306821517,-0.1351401214722688,-0.01837668276497378,-0.5633529158027593,1.7682056405716162,0.0,-0.3086109858802697,-0.88489767829696,0.0882850799268671,0.35728594573740946,-0.784898271362289,-1.0257894172412372,-1.2038167401673348,-1.1682312562117463,1
-0.6230716545900549,0.3385845816050259,2.197050259345448,0.13865958251512944,1.6860494656554663,-0.07842544260864909,-0.6180218559182203,0.0,-0.7542265457952654,1.98191388311696,-0.14583265567400505,-0.6138003075599898,0.5924782587790358,-0.9072209422814564,0.028115988293841057,0.8559949022787887,0
-0.6230716545900549,0.3385845816050259,1.5180724462689001,0.34400936050567815,1.6434388119449554,-0.9876644548476056,0.1902164896670469,0.0,0.04788146205172681,1.98191388311696,-0.3935059095158368,-0.5626905047548635,-0.6923015298401831,-1.0060280047479404,-0.5878503759367468,0.8559949022787887,0
-0.6230716545900549,0.3385845816050259,-0.6618036904505435,1.302308324461572,-0.3592619124490618,-0.13904137675791287,-0.848947097514011,0.0,-0.39773409786326885,0.8196929798410465,-0.5791024910392555,-0.6138003075599898,-0.5765556029375508,0.4563165197560223,0.9520655346397229,0.8559949022787887,0
-0.6230716545900549,0.3385845816050259,-0.16150424923624498,-0.06669019547541924,1.3451642359713782,-1.2907441255939245,2.1915685834972325,0.0,0.13700457403472593,1.5945069153583222,-0.5075242872435343,-0.6138003075599898,-0.784898271362289,-1.0257894172412372,-0.8958335580520408,-1.1682312562117463,0
1.6176350881432364,0.3385845816050259,0.4460022150954033,0.686258990489926,0.9616683525767793,0.5883498330332523,0.7675295936565235,0.0,1.4738512537797128,-0.11008374277968429,-0.5179126283253912,-0.4093610963394847,-0.5302572321764979,-0.9862665922546436,0.6440823525244289,0.8559949022787887,0
-0.6230716545900549,0.3385845816050259,0.8748303075648021,-0.47738975145651663,0.27989789320860325,0.28527016228693347,-0.9644097183119064,0.0,2.4542054855927034,-0.7299348911935047,-0.393759283688565,-0.6138003075599898,0.08319618040745352,-0.8084138798149725,-0.8958335580520408,0.8559949022787887,0
0.4972817167765908,0.4285904689884539,0.7318876100750025,1.0969585464710234,0.7486150840242243,-1.2301281914446607,-0.4640716948543599,0.0,-0.6651034338122662,1.98191388311696,-0.383244255520344,0.5617251569579146,0.013748624265874117,1.8396153942867977,1.8760150809856049,0.8559949022787887,0
1.6176350881432364,0.3385845816050259,-1.5909312241342408,0.686258990489926,-0.10359799018599579,-1.351360059743188,-1.0028972585778715,0.0,-0.39773409786326885,1.5945069153583222,-0.2132301856197107,-0.6138003075599898,-0.1598702660880744,-0.472469867428927,-1.2038167401673348,-1.1682312562117463,0
-0.6230716545900549,0.4285904689884539,1.1249800281719513,-0.5458396774533661,0.4929511617611583,1.4975888452722088,-0.3486090740564646,0.0,2.4542054855927034,0.04487904432377084,-0.534128575379997,-0.3582512935343584,-0.6923015298401831,0.10061109487667998,0.028115988293841057,0.8559949022787887,0
1.6176350881432364,0.3385845816050259,-0.26871127235359465,0.7547089164867755,0.4929511617611583,-0.017809508459385327,-1.0028972585778715,0.0,-0.9324727697612636,-0.7299348911935047,-0.5903776417256611,-0.4093610963394847,-0.4839588614154449,-0.9665051797613469,0.6440823525244289,-1.1682312562117463,0
-0.6230716545900549,-4.341721562333229,-0.44738964421584415,-0.9565392334344636,1.0042790062872904,0.28527016228693347,-0.7719720169820807,0.0,-0.04124164993127232,-0.88489767829696,-0.29430992089274,-0.6138003075599898,-0.5997047883180773,-1.0257894172412372,-0.5878503759367468,0.8559949022787887,0
0.4972817167765908,0.3385845816050259,-0.0900329004913452,1.1654084724678728,0.10945527836655923,-0.8058166523998143,0.7675295936565235,0.0,-0.48685720984626796,1.98191388311696,-0.5239936084708684,-0.6138003075599898,-0.2987653783712332,-1.0060280047479404,-1.2038167401673348,-1.1682312562117463,0
-0.6230716545900549,-6.5018628595355,0.5889449125852029,-2.1201879753809063,-1.2540856403697929,-2.8667584134747823,2.1915685834972325,0.0,-0.5759803218292671,-0.7299348911935047,0.7981128248249659,-0.6138003075599898,0.8355447052745637,0.39703228227613185,-1.2038167401673348,0.8559949022787887,0
-0.6230716545900549,0.24857869422159795,0.0171741226260045,0.5493591384962269,1.7712707730764883,1.3157410428244174,-0.7334844767161156,0.0,-0.3086109858802697,-0.88489767829696,-0.2727731162108416,-0.15381208231385332,0.10634536578797998,-0.4131856299490366,-1.5117999222826288,-1.1682312562117463,0
-0.6230716545900549,0.3385845816050259,1.267922725661751,-0.47738975145651663,0.7060044303137133,1.19450917452589,-0.8874346377799761,0.0,0.5826201339497216,0.3548046185306811,-0.6234429712666933,-0.6138003075599898,-0.784898271362289,-0.670083992361895,0.6440823525244289,-1.1682312562117463,0
-0.6230716545900549,0.4285904689884539,-0.5903323417056437,0.0017597305214303186,-1.168864332948771,0.8308135696303074,-0.4640716948543599,0.0,1.1173588058477164,-0.7299348911935047,-0.5894908321211123,-0.6138003075599898,-0.6112793810083404,-0.7293682298417853,-0.8958335580520408,0.8559949022787887,0
-0.6230716545900549,0.3385845816050259,-0.5545966673331939,0.9600586944773242,1.3025535822608674,0.8308135696303074,0.42114173126283755,0.0,-0.48685720984626796,-0.7299348911935047,-0.15039339078311295,-0.10270227950872703,0.453583146495877,-0.15628726753617833,-1.5117999222826288,0.8559949022787887,0
0.4972817167765908,0.3385845816050259,1.8396935156209493,0.207109508511979,0.23728723949809225,-0.017809508459385327,-0.15617137272663906,0.0,-0.8433496577782645,1.98191388311696,-0.051197402160016156,-0.15381208231385332,0.6503512222303519,0.2784638073163511,-0.8958335580520408,0.8559949022787887,0
-0.6230716545900549,0.3385845816050259,-1.5909312241342408,-0.7511894554439149,0.40772985434013626,1.5582047794214726,0.34416665073090735,0.0,0.04788146205172681,1.98191388311696,-0.3764031528566822,-0.6138003075599898,-0.4723842687251817,-0.15628726753617833,-0.8958335580520408,0.8559949022787887,0
0.4972817167765908,0.3385845816050259,-1.0906317829199423,0.2755594345088286,0.6633937766032023,-0.2602732450564404,-0.7719720169820807,0.0,-1.0215958817442627,-0.7299348911935047,-0.6145748752212058,-0.30714149072923214,-0.6691523444596567,-0.5910383423887078,-1.5117999222826288,-1.1682312562117463,0
0.4972817167765908,0.3385845816050259,0.0171741226260045,0.2755594345088286,0.27989789320860325,0.3458860964361973,0.1132414091351167,0.0,1.2956050298137147,1.5945069153583222,-0.1781378626968527,1.1239329878143036,-0.240892414919917,0.4958393447426158,0.6440823525244289,0.8559949022787887,0
-0.6230716545900549,0.4285904689884539,0.7676232844474523,-0.1351401214722688,-1.211474986659282,0.9520454379288349,-0.502559235120325,0.0,-0.5759803218292671,-0.42000931698659455,-0.2618780267835283,1.9416898326963241,0.18736751461982262,1.6024784443672362,-0.5878503759367468,-1.1682312562117463,0
-0.6230716545900549,0.3385845816050259,-1.269310154782192,-1.0249891594313132,-0.8279791032646828,1.1338932403766262,-0.11768383246067395,0.0,-0.04124164993127232,1.98191388311696,-0.3325694209747007,-0.6138003075599898,-0.738599900601236,-0.9269823547747532,0.6440823525244289,0.8559949022787887,0
7.219401944976465,0.24857869422159795,-1.3765171778995415,-0.7511894554439149,0.40772985434013626,0.7095817013317799,-0.6565093961841855,0.0,-0.3086109858802697,0.3548046185306811,-0.46115681363427063,-0.6138003075599898,0.04847240233666382,-1.0257894172412372,0.9520655346397229,-1.1682312562117463,0
0.4972817167765908,0.3385845816050259,-1.0906317829199423,1.0969585464710234,0.19467658578758124,1.0732773062273624,-0.6565093961841855,0.0,-0.7542265457952654,-0.5749721040900496,-0.5452770389800385,-0.6138003075599898,-0.784898271362289,-1.0257894172412372,0.028115988293841057,0.8559949022787887,0
-0.6230716545900549,0.24857869422159795,-1.555195549761791,-0.2720399734659679,1.0468896599978013,0.16403829398840597,0.42114173126283755,0.0,-1.0215958817442627,-0.7299348911935047,-0.5053706067753444,-0.5115807019497373,-0.437660490654392,-0.9862665922546436,0.028115988293841057,0.8559949022787887,0
-0.6230716545900549,0.3385845816050259,0.5532092382127529,0.34400936050567815,-1.2540856403697929,-1.108896323146133,-0.11768383246067395,0.0,-0.7542265457952654,-0.42000931698659455,-0.6302840739303552,-0.6138003075599898,-0.6575777517693934,-1.0257894172412372,-1.2038167401673348,-1.1682312562117463,0
-0.6230716545900549,0.24857869422159795,-1.7696095959964904,1.0969585464710234,-1.722802831185414,-1.4119759938924519,-1.0413847988438365,0.0,1.6520974777457111,0.8196929798410465,-0.3356099110474393,-0.6138003075599898,-0.18301945146860085,-0.7293682298417853,-0.2798671938214529,0.8559949022787887,0
0.4972817167765908,-0.2014507426955419,-0.9834247598025926,0.5493591384962269,0.5355618154716693,-0.7452007182505505,0.5366043520607329,0.0,-0.5759803218292671,-0.88489767829696,2.8925037365964044,-0.6138003075599898,2.8610984260706296,2.116275169192953,0.6440823525244289,0.8559949022787887,1
-0.6230716545900549,0.24857869422159795,0.6246805869576527,-1.0934390854281628,0.6207831228926913,-0.6845847841012868,1.26786761711407,0.0,-0.5759803218292671,1.439544128254867,-0.43075191290688464,-0.6138003075599898,-0.28719078568096995,-0.31437856748255266,0.6440823525244289,-1.1682312562117463,0
-0.6230716545900549,-0.6514801796126818,-0.37591829547094435,-0.7511894554439149,-1.168864332948771,0.1034223598391422,-0.7719720169820807,0.0,-0.48685720984626796,-0.88489767829696,1.9171398586791346,2.0439094383065766,0.24524047807113877,1.8000925693002041,-1.2038167401673348,-1.1682312562117463,1
-0.6230716545900549,0.3385845816050259,-1.0906317829199423,-0.06669019547541924,-0.9558110643962159,0.04280642568987844,-0.15617137272663906,0.0,-0.8433496577782645,-0.2650465298831394,-0.41440927876591466,-0.6138003075599898,-0.7617490859817625,-1.0257894172412372,1.260048716755017,-1.1682312562117463,0
0.4972817167765908,-0.6514801796126818,0.23158816886070388,1.302308324461572,1.0042790062872904,-0.7452007182505505,1.0369423755182794,0.0,-0.6651034338122662,-0.7299348911935047,4.763165253848828,-0.6138003075599898,1.726788342424833,1.6617626818471267,0.336099170409135,0.8559949022787887,1
0.4972817167765908,0.24857869422159795,-0.0900329004913452,0.686258990489926,-0.01837668276497378,0.8914295037795712,-0.2716339935245344,0.0,0.7608663579157199,-0.42000931698659455,0.10462771406783707,-0.6138003075599898,1.194357078672724,-0.017957380083100778,-1.5117999222826288,-1.1682312562117463,0
1.6176350881432364,0.3385845816050259,-1.4122528522719915,-1.4356887154124105,-0.7427577958436609,-0.017809508459385327,0.1517289494010818,0.0,-0.9324727697612636,1.98191388311696,0.03685012286303912,0.10173693171177808,0.6966495929914048,0.6341692321956934,-1.2038167401673348,0.8559949022787887,0
-0.6230716545900549,0.3385845816050259,0.4460022150954033,0.207109508511979,0.3651192006296253,-0.3815051133549679,-0.8874346377799761,0.0,-0.13036476191427146,-0.88489767829696,-0.29380317254728355,-0.30714149072923214,-0.6344285663888669,0.7329762946621774,-0.5878503759367468,-1.1682312562117463,0
-0.6230716545900549,-0.2014507426955419,0.4102665407229534,-0.5458396774533661,-0.01837668276497378,-0.7452007182505505,-0.6949969364501506,0.0,-0.2194878738972706,-0.2650465298831394,-0.34422463292019867,2.4016780579424606,0.002174031575610884,-0.6107997548820046,-1.2038167401673348,-1.1682312562117463,1
1.6176350881432364,0.3385845816050259,-0.8762177366852429,0.2755594345088286,-1.4671389089223479,-0.19965731090717662,0.34416665073090735,0.0,-0.8433496577782645,-0.5749721040900496,0.10589458493147814,3.883862339291123,0.5230307026374564,1.918661044259985,-1.2038167401673348,-1.1682312562117463,1
0.4972817167765908,0.3385845816050259,-0.518860992960744,-0.1351401214722688,0.024233970945537225,0.28527016228693347,0.1517289494010818,0.0,-0.8433496577782645,1.98191388311696,-0.45165528215696255,-0.6138003075599898,-0.738599900601236,-1.0060280047479404,-1.5117999222826288,0.8559949022787887,0
2.7379884595098822,0.4285904689884539,0.8390946331923521,-0.40893982545966706,-1.3393069477908148,-0.9876644548476056,-0.23314645325856925,0.0,-0.48685720984626796,-0.42000931698659455,-0.5889840837756559,-0.4093610963394847,-0.6344285663888669,-0.11676444254958475,-1.5117999222826288,-1.1682312562117463,0
-0.6230716545900549,-1.0115037291463935,0.6246805869576527,-1.0249891594313132,-1.3393069477908148,1.2551251086751538,-1.0413847988438365,0.0,-0.9324727697612636,-0.5749721040900496,1.1129302344397751,0.6639447625681671,-0.437660490654392,0.5551235822225062,0.336099170409135,0.8559949022787887,1
0.4972817167765908,0.4285904689884539,-0.018561551746445398,0.9600586944773242,0.9616683525767793,0.406502030585461,-0.502559235120325,0.0,2.4542054855927034,-0.7299348911935047,-0.5499644611755106,1.4305918046450612,-0.3797875272030758,1.1282045445281133,0.028115988293841057,-1.1682312562117463,0
2.7379884595098822,0.3385845816050259,1.6967508181311497,0.8916087684804747,1.0895003137083124,1.2551251086751538,-0.6180218559182203,0.0,-0.04124164993127232,0.8196929798410465,-0.20790932799241812,-0.460470899144611,-0.36821293451281256,-1.0060280047479404,-0.5878503759367468,-1.1682312562117463,0
-0.6230716545900549,0.3385845816050259,1.6610151437586997,0.13865958251512944,0.7486150840242243,-0.8058166523998143,1.3833302379119652,0.0,1.8303437017117095,-0.7299348911935047,0.378271820614311,-0.0004826738984744764,1.009163595628512,0.39703228227613185,-1.2038167401673348,0.8559949022787887,1
-0.6230716545900549,0.3385845816050259,1.4823367718964504,0.207109508511979,-0.5297045272911058,-0.5027369816534955,-0.8104595572480459,0.0,-0.7542265457952654,-0.2650465298831394,-0.3168602222655513,-0.6138003075599898,-0.33348915644202287,-0.3341399799758495,0.9520655346397229,0.8559949022787887,0
0.4972817167765908,0.3385845816050259,0.0886454713709043,-1.1618890114250122,-0.5297045272911058,0.8308135696303074,-0.8874346377799761,0.0,-0.5759803218292671,1.98191388311696,-0.286075260279073,-0.6138003075599898,-0.2987653783712332,-0.472469867428927,0.336099170409135,0.8559949022787887,0
0.4972817167765908,0.24857869422159795,-0.6260680160780937,-0.6142896034502158,-0.40187256615957284,0.22465422813766972,-1.0028972585778715,0.0,-0.3086109858802697,-0.7299348911935047,0.117423109790612,0.0506271289066518,-0.784898271362289,-1.0257894172412372,-0.5878503759367468,0.8559949022787887,1
0.4972817167765908,-0.021438967928685958,-0.30444694672604455,-2.3939876793683044,-1.4671389089223479,0.5883498330332523,-0.502559235120325,0.0,-0.04124164993127232,-0.88489767829696,-0.12822315066939402,0.15284673451690436,-0.437660490654392,0.3575094572895383,1.5680318988703108,0.8559949022787887,1
-0.6230716545900549,0.3385845816050259,0.6246805869576527,1.6445579544458198,1.9417133879185324,-0.4421210475042317,0.42114173126283755,0.0,2.0085899256777076,1.98191388311696,-0.13063020531031205,1.6350310158655663,-0.12514648801728467,-0.15628726753617833,0.028115988293841057,0.8559949022787887,0
0.4972817167765908,0.15857280683817,1.55380812064135,0.9600586944773242,1.3451642359713782,0.6489657671825161,-0.502559235120325,0.0,1.0282356938647172,1.98191388311696,0.22232001730009368,-0.6138003075599898,-0.03254974649517882,-0.13652585504288153,1.5680318988703108,-1.1682312562117463,1
-0.6230716545900549,-0.2014507426955419,0.4460022150954033,1.7130078804426694,0.9190576988662683,-0.8058166523998143,1.0754299157842444,0.0,-0.2194878738972706,-0.42000931698659455,-0.5977254927347794,-0.6138003075599898,-0.6807269371499198,-1.0060280047479404,-0.2798671938214529,0.8559949022787887,0
-0.6230716545900549,0.15857280683817,0.6246805869576527,0.8231588424836251,0.19467658578758124,1.6188207135707364,-0.04070875192874373,0.0,-0.39773409786326885,1.9044324895652325,-0.2411013446198145,-0.460470899144611,-0.49553345410570815,-0.9665051797613469,-0.2798671938214529,0.8559949022787887,0
0.4972817167765908,0.3385845816050259,-1.5194598753893411,-2.3255377533714547,-0.01837668276497378,-0.32088917920570414,1.8836682613695117,0.0,2.365082373609704,-0.42000931698659455,-0.6083672079893645,-0.6138003075599898,-0.7617490859817625,-0.9862665922546436,-0.8958335580520408,-1.1682312562117463,0
-0.6230716545900549,-0.11144485531211393,-0.9834247598025926,-0.47738975145651663,-1.4671389089223479,-1.1695122572953969,-0.4255841545883948,0.0,-0.5759803218292671,-1.039860465400415,1.443710216936462,0.0506271289066518,-0.7038761225304464,-1.0257894172412372,0.6440823525244289,0.8559949022787887,1
1.6176350881432364,0.3385845816050259,-0.7690107135678933,1.439208176455271,0.8764470451557573,-0.32088917920570414,1.3448426976460002,0.0,-0.7542265457952654,-0.88489767829696,-0.2651718910289951,1.379482001839935,-0.3450637491322861,-1.0257894172412372,-0.2798671938214529,0.8559949022787887,1
-0.6230716545900549,-4.9717627740172246,0.1243811457433542,-2.257087827374605,-0.7001471421331499,0.7095817013317799,0.4596292715288027,0.0,-0.8433496577782645,-0.5749721040900496,0.4968509334511164,-0.6138003075599898,0.6156274441595623,0.12037250736997678,1.8760150809856049,0.8559949022787887,0
1.6176350881432364,0.24857869422159795,-1.162103131664842,-0.2720399734659679,1.0042790062872904,0.6489657671825161,-0.3870966143224297,0.0,-0.5759803218292671,-0.11008374277968429,-0.5443902293754898,-0.6138003075599898,-0.437660490654392,-0.5119926924155206,0.028115988293841057,-1.1682312562117463,0
0.4972817167765908,-0.11144485531211393,-0.26871127235359465,-2.188637901377756,-1.680192177474903,-2.0787512695343535,2.5379564458909183,0.0,-0.6651034338122662,-0.88489767829696,1.2455716138629964,0.9194937765937985,1.7730867131858858,0.8713061821152549,1.260048716755017,-1.1682312562117463,1
1.6176350881432364,0.3385845816050259,0.5532092382127529,0.8916087684804747,1.3025535822608674,1.0126613720780986,-0.502559235120325,0.0,-0.39773409786326885,1.98191388311696,-0.5486975903118695,-0.25603168792410586,-0.6228539736986037,-0.7886524673216757,1.5680318988703108,0.8559949022787887,0
-0.6230716545900549,0.06856691945474201,-1.0548961085474924,0.4809092124993773,0.06684462465604823,0.5277338988839886,1.306355157380035,0.0,-0.39773409786326885,-0.7299348911935047,0.059400424235850395,-0.5115807019497373,0.07162158771719028,-1.0257894172412372,-0.8958335580520408,-1.1682312562117463,1
0.4972817167765908,0.3385845816050259,-0.8762177366852429,1.5761080284489704,-0.4870938735805948,-0.32088917920570414,-1.0413847988438365,0.0,-0.6651034338122662,1.98191388311696,-0.07134064889190937,1.3283721990348087,-0.05569893187570528,0.5353621697292095,-1.2038167401673348,-1.1682312562117463,1
0.4972817167765908,0.3385845816050259,-0.9476890854301427,0.2755594345088286,-0.6149258347121278,-0.7452007182505505,1.3448426976460002,0.0,-0.5759803218292671,1.98191388311696,-0.44886816625695214,-0.6138003075599898,-0.6112793810083404,-0.9665051797613469,-1.5117999222826288,0.8559949022787887,0
-0.6230716545900549,0.3385845816050259,1.8396935156209493,-1.0249891594313132,0.6207831228926913,0.5277338988839886,0.26719157019897716,0.0,1.2064819178307156,-0.42000931698659455,2.3278593926715736,6.030474057106427,3.8796625828137943,2.886970256431528,0.028115988293841057,-1.1682312562117463,1
0.4972817167765908,0.3385845816050259,1.4466010975240005,-0.888089307437614,-0.4870938735805948,0.16403829398840597,-1.0413847988438365,0.0,-0.7542265457952654,1.2845813411514118,0.08499121568140028,0.7661643681784197,0.1526437365490329,1.3653414944476747,0.336099170409135,0.8559949022787887,0
0.4972817167765908,0.4285904689884539,0.7676232844474523,-0.7511894554439149,1.3877748896818893,0.04280642568987844,-0.15617137272663906,0.0,-0.6651034338122662,-0.42000931698659455,-0.5711212045983166,0.6639447625681671,-0.6691523444596567,1.0886817195415197,-0.5878503759367468,-1.1682312562117463,0
0.4972817167765908,0.24857869422159795,-1.162103131664842,1.3707582504584217,-0.01837668276497378,0.28527016228693347,0.34416665073090735,0.0,-0.7542265457952654,-0.11008374277968429,0.20534394772730316,1.1239329878143036,0.1757929219295594,0.12037250736997678,-1.2038167401673348,-1.1682312562117463,1
-0.6230716545900549,0.4285904689884539,0.0886454713709043,-0.9565392334344636,-0.8279791032646828,0.1034223598391422,0.42114173126283755,0.0,-0.7542265457952654,-0.88489767829696,-0.6377586120258376,-0.6138003075599898,-0.7617490859817625,-0.8281752923082693,0.336099170409135,0.8559949022787887,0
-0.6230716545900549,0.06856691945474201,-0.0900329004913452,0.207109508511979,0.32250854691911424,0.6489657671825161,-0.11768383246067395,0.0,-0.7542265457952654,-0.7299348911935047,1.832386197901546,0.20395653732203065,3.7407674705306353,0.4167936947694287,0.336099170409135,0.8559949022787887,1
-0.6230716545900549,0.3385845816050259,0.6246805869576527,0.9600586944773242,-0.5297045272911058,0.1034223598391422,0.42114173126283755,0.0,-0.48685720984626796,0.8196929798410465,0.04331116426760864,-0.6138003075599898,-0.18301945146860085,-0.7096068173484885,1.8760150809856049,-1.1682312562117463,0
0.4972817167765908,0.3385845816050259,-0.9476890854301427,-0.888089307437614,-1.1262536792382598,0.5883498330332523,-0.502559235120325,0.0,-0.7542265457952654,0.3548046185306811,-0.009010602400768088,0.6639447625681671,0.5577544807082461,0.6341692321956934,-0.2798671938214529,0.8559949022787887,0
-0.6230716545900549,0.3385845816050259,1.267922725661751,1.0969585464710234,-0.4444832198700838,0.04280642568987844,-1.0413847988438365,0.0,-0.5759803218292671,-0.11008374277968429,-0.40642799232497584,-0.6138003075599898,-0.3797875272030758,-1.0257894172412372,-1.5117999222826288,0.8559949022787887,0
-0.6230716545900549,0.4285904689884539,-0.5545966673331939,1.7130078804426694,0.15206593207707023,0.3458860964361973,-0.3486090740564646,0.0,-0.2194878738972706,-0.2650465298831394,-0.515252199511745,1.379482001839935,-0.6228539736986037,0.3772708697828351,0.028115988293841057,-1.1682312562117463,0
-0.6230716545900549,0.4285904689884539,0.6246805869576527,-0.06669019547541924,-0.3592619124490618,0.7095817013317799,0.8445046741884538,0.0,-0.48685720984626796,-0.88489767829696,-0.5822696681983582,-0.30714149072923214,-0.5302572321764979,0.9701132445817389,1.8760150809856049,-1.1682312562117463,0
-0.6230716545900549,0.3385845816050259,-0.9834247598025926,0.13865958251512944,1.6434388119449554,1.6188207135707364,-0.8104595572480459,0.0,1.562974365762712,-0.7299348911935047,-0.4986561911980467,-0.6138003075599898,-0.5534064175570244,-0.9467437672680501,1.8760150809856049,-1.1682312562117463,0
-0.6230716545900549,0.15857280683817,-0.6975393648229935,0.13865958251512944,1.6434388119449554,1.436972911122945,-0.848947097514011,0.0,1.0282356938647172,-0.11008374277968429,0.5869254518559974,-0.6138003075599898,1.9119818254690446,0.5946464072090998,0.028115988293841057,-1.1682312562117463,1
0.4972817167765908,-0.11144485531211393,-0.6975393648229935,-0.40893982545966706,-0.1888192976070178,0.04280642568987844,-0.9259221780459412,0.0,-0.04124164993127232,-0.7299348911935047,2.302521975398752,0.459505551347662,3.1041648725661575,2.6893561314985597,-1.5117999222826288,-1.1682312562117463,1
0.4972817167765908,0.24857869422159795,0.3030595176056037,0.686258990489926,1.3877748896818893,0.406502030585461,0.3056791104649422,0.0,-0.2194878738972706,-0.7299348911935047,-0.18485227827415043,0.2550663401271569,1.0207381883187754,-0.3341399799758495,1.5680318988703108,0.8559949022787887,0
-0.6230716545900549,0.24857869422159795,-1.0906317829199423,0.9600586944773242,-0.4870938735805948,0.5277338988839886,-0.4640716948543599,0.0,-0.7542265457952654,-0.11008374277968429,-0.06677991378280147,-0.5115807019497373,0.6387766295400887,1.2072501945013003,1.260048716755017,-1.1682312562117463,0
1.6176350881432364,0.3385845816050259,-1.0548961085474924,1.1654084724678728,1.8991027342080213,0.8914295037795712,0.6135794325926631,0.0,0.04788146205172681,0.3548046185306811,-0.49827612993895437,0.40839574854253574,-0.3103399710614964,-0.5910383423887078,0.028115988293841057,-1.1682312562117463,0
-0.6230716545900549,0.3385845816050259,2.7688210493046466,-1.9148381973903574,-0.9984217181067269,0.7701976354810436,-0.8874346377799761,0.0,-1.0215958817442627,1.98191388311696,-0.6220494133166882,-0.6138003075599898,-0.6807269371499198,0.2784638073163511,-1.5117999222826288,-1.1682312562117463,0
-0.6230716545900549,-3.5316685758823767,-0.9834247598025926,0.5493591384962269,0.9616683525767793,-0.3815051133549679,0.34416665073090735,0.0,-0.7542265457952654,-0.88489767829696,-0.4453209278387571,-0.6138003075599898,-0.7733236786720258,-1.0257894172412372,-1.5117999222826288,0.8559949022787887,0
-0.6230716545900549,0.3385845816050259,1.0535086794270516,-0.1351401214722688,-0.7001471421331499,0.04280642568987844,0.6520669728586282,0.0,0.3152507980007242,-0.2650465298831394,-0.5312147723936226,-0.6138003075599898,-0.7270253079109729,-0.4131856299490366,-1.2038167401673348,0.8559949022787887,0
-0.6230716545900549,0.3385845816050259,1.55380812064135,-1.7094884193998088,-1.893245446027458,-2.442446874429936,2.1530810432312673,0.0,-0.48685720984626796,-0.42000931698659455,-0.5092979064526318,-0.6138003075599898,-0.738599900601236,-1.0257894172412372,0.028115988293841057,0.8559949022787887,0
-0.6230716545900549,0.24857869422159795,-0.6260680160780937,0.4124592865025277,0.32250854691911424,1.0126613720780986,-0.5410467753862901,0.0,-0.7542265457952654,-0.42000931698659455,-0.5053706067753444,-0.6138003075599898,-0.42608589796412877,-1.0257894172412372,-1.2038167401673348,-1.1682312562117463,0
0.4972817167765908,0.4285904689884539,-0.12576857486379509,-0.47738975145651663,-1.7654134848959249,-0.4421210475042317,-1.0028972585778715,0.0,2.4542054855927034,-0.88489767829696,-0.510691464402637,-0.6138003075599898,-0.36821293451281256,0.2587023948230543,-0.5878503759367468,-1.1682312562117463,0
3.858341830876528,0.4285904689884539,-1.7338739216240404,-0.9565392334344636,-1.168864332948771,0.16403829398840597,-0.6180218559182203,0.0,-0.6651034338122662,1.98191388311696,-0.5856902195301891,0.10173693171177808,-0.5302572321764979,-0.670083992361895,1.5680318988703108,-1.1682312562117463,0
-0.6230716545900549,-1.2815213912966774,-0.9476890854301427,1.302308324461572,0.9616683525767793,0.9520454379288349,0.22870402993301203,0.0,-0.8433496577782645,-0.42000931698659455,0.15922984829076775,0.3061761429322832,0.34941181228350787,0.8515447696219581,0.336099170409135,0.8559949022787887,0
0.4972817167765908,0.15857280683817,-0.44738964421584415,0.4124592865025277,-1.594970870053881,-0.4421210475042317,0.4981168117947678,0.0,-0.5759803218292671,-0.5749721040900496,0.7620070052111951,0.459505551347662,1.402699747097462,2.2546050566460303,1.260048716755017,-1.1682312562117463,1
-0.6230716545900549,0.3385845816050259,-0.5545966673331939,1.6445579544458198,-0.8279791032646828,-0.5027369816534955,-0.9259221780459412,0.0,-0.5759803218292671,0.19984183142722597,0.44807640520093467,-0.6138003075599898,1.101760337150618,-0.39342421745573986,0.6440823525244289,0.8559949022787887,1
-0.6230716545900549,0.15857280683817,-1.0906317829199423,-1.3672387894155609,-1.1262536792382598,-1.2907441255939245,1.3448426976460002,0.0,1.2956050298137147,-0.88489767829696,0.12287065450426866,-0.25603168792410586,0.16421832923929616,-1.0060280047479404,-0.8958335580520408,0.8559949022787887,1
-0.6230716545900549,0.3385845816050259,0.0529097969984544,1.918357658433218,-0.6575364884226388,-1.6544397304895069,0.3056791104649422,0.0,-0.6651034338122662,1.98191388311696,-0.4236574360704946,-0.460470899144611,-0.44923508334465523,-0.2353329175093655,0.9520655346397229,0.8559949022787887,0
1.6176350881432364,-5.421792210934364,-0.34018262109849445,0.4124592865025277,0.8764470451557573,-1.957519401235826,1.9221558016354767,0.0,-0.2194878738972706,-0.5749721040900496,0.13807310486796165,-0.6138003075599898,0.24524047807113877,-0.2550943300026623,0.9520655346397229,0.8559949022787887,0
-0.6230716545900549,0.3385845816050259,-0.8762177366852429,0.6178090644930764,1.1747216211293343,1.0126613720780986,-0.3486090740564646,0.0,-1.0215958817442627,1.98191388311696,-0.2864553215381653,-0.6138003075599898,-0.44923508334465523,-1.0257894172412372,0.6440823525244289,-1.1682312562117463,0
-0.6230716545900549,0.3385845816050259,-0.9476890854301427,1.2338583984647225,-0.4444832198700838,-1.2907441255939245,0.4596292715288027,0.0,-0.48685720984626796,1.9044324895652325,-0.21715748529699805,-0.6138003075599898,-0.5534064175570244,-0.8281752923082693,1.5680318988703108,-1.1682312562117463,0
-0.6230716545900549,0.3385845816050259,1.267922725661751,-0.888089307437614,-0.06098733647548478,-1.4725919280417157,1.306355157380035,0.0,-0.6651034338122662,-0.42000931698659455,-0.6250899033894268,0.7661643681784197,-0.7154507152207096,-0.2353329175093655,1.5680318988703108,0.8559949022787887,0
-0.6230716545900549,0.24857869422159795,2.0898432362280985,-1.5725885674061097,-1.2540856403697929,-0.2602732450564404,1.306355157380035,0.0,2.186836149643706,0.04487904432377084,0.29706539825491757,-0.4093610963394847,0.5693290733985094,-0.2550943300026623,-0.5878503759367468,0.8559949022787887,1
-0.6230716545900549,-0.2014507426955419,0.7676232844474523,-0.6827395294470653,-0.1888192976070178,1.19450917452589,-1.0028972585778715,0.0,2.4542054855927034,-0.7299348911935047,-0.27796728675177,0.20395653732203065,-0.240892414919917,0.15989533235657036,1.260048716755017,-1.1682312562117463,0
-0.6230716545900549,0.4285904689884539,-1.0906317829199423,0.2755594345088286,0.40772985434013626,0.5883498330332523,-0.7719720169820807,0.0,-0.6651034338122662,-0.7299348911935047,-0.47205190306158396,1.8394702270860714,-0.22931782222965377,1.4641485569141588,-1.2038167401673348,0.8559949022787887,0
-0.6230716545900549,0.3385845816050259,0.8033589588199023,-0.7511894554439149,-0.3592619124490618,-0.6845847841012868,-0.11768383246067395,0.0,-0.48685720984626796,-0.7299348911935047,-0.6122945076666518,-0.6138003075599898,-0.46080967603491846,0.2982252198096479,0.9520655346397229,0.8559949022787887,0
0.4972817167765908,0.3385845816050259,1.267922725661751,1.1654084724678728,-0.7853684495541718,-1.7150556646387707,-0.9644097183119064,0.0,1.9194668136947086,1.98191388311696,-0.48928134680710267,-0.6138003075599898,-0.6807269371499198,-0.6305611673753013,-0.5878503759367468,0.8559949022787887,0
1.6176350881432364,0.24857869422159795,-0.44738964421584415,1.302308324461572,-0.8705897569751938,-0.6845847841012868,0.6135794325926631,0.0,-0.5759803218292671,-0.42000931698659455,-0.19726761273783303,-0.6138003075599898,0.013748624265874117,-0.9665051797613469,-1.2038167401673348,-1.1682312562117463,0
-0.6230716545900549,-3.8916921254160886,-0.7332750391954433,-1.2987888634187115,-0.06098733647548478,0.5277338988839886,0.6135794325926631,0.0,-0.2194878738972706,-0.7299348911935047,3.2840935205478634,2.1972388467219552,2.687479535716681,0.2587023948230543,-1.2038167401673348,0.8559949022787887,1
-0.6230716545900549,0.4285904689884539,-0.6260680160780937,1.5076581024521207,0.6633937766032023,0.8308135696303074,-0.6949969364501506,0.0,-0.9324727697612636,1.98191388311696,-0.6220494133166882,0.35728594573740946,-0.6807269371499198,0.9701132445817389,-0.8958335580520408,-1.1682312562117463,0
0.4972817167765908,0.4285904689884539,2.054107561855649,0.34400936050567815,0.40772985434013626,-0.07842544260864909,1.5372803989758257,0.0,-0.7542265457952654,1.98191388311696,-0.11606119037843961,1.8905800298911977,0.5461798880179829,1.4048643194342683,1.260048716755017,-1.1682312562117463,0
0.4972817167765908,0.3385845816050259,2.625878351814847,-0.06669019547541924,0.27989789320860325,0.8914295037795712,-0.15617137272663906,0.0,0.4043739099837233,1.7494697024617774,-0.4312586612523411,-0.2049218851189796,-0.6923015298401831,-0.5317541049088174,-1.5117999222826288,-1.1682312562117463,0
-0.6230716545900549,0.3385845816050259,-0.05429722611889529,0.8916087684804747,0.4503405080506473,-0.8058166523998143,-0.9644097183119064,0.0,-0.7542265457952654,-0.11008374277968429,-0.4161828979750122,-0.6138003075599898,-0.7038761225304464,-0.09700303005628795,0.9520655346397229,-1.1682312562117463,0
0.4972817167765908,0.24857869422159795,-0.05429722611889529,0.0017597305214303186,-1.083643025527749,-0.017809508459385327,0.959967294986349,0.0,-0.04124164993127232,0.19984183142722597,0.6796603990745247,1.6350310158655663,1.9698547889203608,1.3851029069409715,0.028115988293841057,-1.1682312562117463,1
-0.6230716545900549,-4.9717627740172246,-1.0906317829199423,-0.9565392334344636,1.3877748896818893,0.7701976354810436,0.4981168117947678,0.0,1.2956050298137147,-0.88489767829696,0.6225245231243118,-0.6138003075599898,0.5346052953277196,0.43655510726272545,-0.2798671938214529,0.8559949022787887,0
-0.6230716545900549,-0.11144485531211393,0.6246805869576527,0.5493591384962269,-1.424528255211837,-2.3818309402806723,1.960643341901442,0.0,-0.5759803218292671,1.98191388311696,-0.20271515745148969,-0.05159247670360075,-0.7038761225304464,-1.0257894172412372,-1.5117999222826288,-1.1682312562117463,1
-0.6230716545900549,0.4285904689884539,1.7682221668760494,0.4809092124993773,1.0468896599978013,0.7095817013317799,-0.8104595572480459,0.0,-0.6651034338122662,0.04487904432377084,-0.5569322509255366,0.6639447625681671,-0.44923508334465523,0.47607793224931905,-1.2038167401673348,-1.1682312562117463,0
-0.6230716545900549,0.4285904689884539,-0.6618036904505435,-0.7511894554439149,0.8764470451557573,1.2551251086751538,-1.0413847988438365,0.0,-0.2194878738972706,-0.88489767829696,-0.5854368453574609,-0.6138003075599898,-0.6575777517693934,0.0413268573967896,0.6440823525244289,0.8559949022787887,0
0.4972817167765908,0.24857869422159795,0.23158816886070388,1.0969585464710234,-0.3166512587385508,-0.13904137675791287,-0.9644097183119064,0.0,-0.8433496577782645,-0.42000931698659455,-0.016105079237158156,-0.6138003075599898,0.1757929219295594,-0.8479367048015661,0.6440823525244289,0.8559949022787887,0
-0.6230716545900549,0.3385845816050259,-1.0191604341750424,0.4124592865025277,0.5781724691821802,0.8914295037795712,-0.848947097514011,0.0,-0.5759803218292671,-0.42000931698659455,-0.5791024910392555,0.10173693171177808,-0.41451130527386554,-0.9665051797613469,0.6440823525244289,0.8559949022787887,0
-0.6230716545900549,0.3385845816050259,0.4102665407229534,0.7547089164867755,-0.01837668276497378,-1.2907441255939245,1.614255479507756,0.0,-0.3086109858802697,0.04487904432377084,-0.31305960967462804,-0.6138003075599898,-0.7501744932914993,-0.8874595297881597,0.9520655346397229,0.8559949022787887,0
-0.6230716545900549,0.4285904689884539,-0.0900329004913452,1.6445579544458198,0.4929511617611583,-0.3815051133549679,0.959967294986349,0.0,1.2064819178307156,1.98191388311696,-0.5016966812707853,0.6128349597630408,-0.19459404415886408,-0.4527084549356302,-0.5878503759367468,0.8559949022787887,0
-0.6230716545900549,0.4285904689884539,0.2673238432331538,-1.0934390854281628,-0.8279791032646828,-1.2907441255939245,2.1530810432312673,0.0,-0.7542265457952654,-0.88489767829696,-0.21183662766970549,4.394960367342386,0.14106914385876967,2.0569909317130626,-0.2798671938214529,-1.1682312562117463,0
-0.6230716545900549,0.4285904689884539,-0.23297559798114478,1.5761080284489704,1.8991027342080213,0.5277338988839886,1.3448426976460002,0.0,-0.7542265457952654,-0.7299348911935047,-0.40034701217949864,-0.4093610963394847,0.1526437365490329,-0.4922312799222238,0.9520655346397229,0.8559949022787887,0
-0.6230716545900549,0.24857869422159795,0.3745308663505035,0.5493591384962269,1.8991027342080213,-0.19965731090717662,-1.0413847988438365,0.0,0.04788146205172681,-0.7299348911935047,-0.04144249650997982,-0.6138003075599898,-0.03254974649517882,0.7132148821688805,-1.2038167401673348,0.8559949022787887,1
-0.6230716545900549,0.3385845816050259,1.946900538738299,-2.8389121983478267,-1.4671389089223479,-2.0787512695343535,2.422493825093023,0.0,-0.39773409786326885,-0.88489767829696,-0.239327725410717,-0.6138003075599898,0.7082241856816681,-0.4131856299490366,-0.5878503759367468,0.8559949022787887,0
0.4972817167765908,0.4285904689884539,2.1255789106005483,-0.6827395294470653,1.2173322748398454,-0.32088917920570414,-0.7334844767161156,0.0,-1.0215958817442627,-0.5749721040900496,-0.613688065616657,-0.10270227950872703,-0.738599900601236,0.23894098232975752,-0.5878503759367468,0.8559949022787887,0
-0.6230716545900549,-3.171645026348665,-0.19723992360869488,1.0285086204741738,0.9190576988662683,-1.1695122572953969,1.0369423755182794,0.0,-0.9324727697612636,-0.88489767829696,2.183942862561947,0.35728594573740946,1.6573407862832534,0.43655510726272545,-1.2038167401673348,0.8559949022787887,1
-0.6230716545900549,-3.261650913732093,1.0177730050546017,0.4124592865025277,1.5582175045239333,0.16403829398840597,-0.2716339935245344,0.0,1.2956050298137147,-0.5749721040900496,0.016200127785689467,-0.6138003075599898,-0.1598702660880744,0.47607793224931905,0.9520655346397229,0.8559949022787887,0
-0.6230716545900549,0.3385845816050259,0.6961519357025525,1.2338583984647225,-0.4870938735805948,-1.2907441255939245,-0.8874346377799761,0.0,1.9194668136947086,1.98191388311696,-0.5264006631117865,-0.6138003075599898,-0.6923015298401831,-0.9269823547747532,-0.8958335580520408,-1.1682312562117463,0
0.4972817167765908,0.24857869422159795,-1.0906317829199423,1.2338583984647225,1.7286601193659774,-0.623968849952023,-0.4255841545883948,0.0,1.0282356938647172,-0.2650465298831394,-0.2272924522061267,0.20395653732203065,-0.07884811725623175,-0.571276929895411,-0.2798671938214529,0.8559949022787887,0
-0.6230716545900549,0.3385845816050259,-1.5194598753893411,-1.3672387894155609,-0.7853684495541718,1.1338932403766262,-0.3486090740564646,0.0,-0.6651034338122662,-0.5749721040900496,-0.49042153058437965,-0.6138003075599898,-0.2987653783712332,-0.017957380083100778,-1.5117999222826288,0.8559949022787887,0
-0.6230716545900549,0.3385845816050259,-1.4837242010168912,-1.3672387894155609,-0.7853684495541718,0.22465422813766972,-0.11768383246067395,0.0,0.4043739099837233,1.98191388311696,-0.5560454413209878,-0.6138003075599898,-0.7154507152207096,-0.8084138798149725,0.6440823525244289,0.8559949022787887,0
-0.6230716545900549,0.3385845816050259,-1.5194598753893411,0.8916087684804747,-1.509749562632859,-2.1999831378328807,-0.3870966143224297,0.0,-0.48685720984626796,1.98191388311696,-0.4120022241249966,-0.6138003075599898,-0.6460031590791302,-0.8479367048015661,1.260048716755017,-1.1682312562117463,0
-0.6230716545900549,0.3385845816050259,-1.0548961085474924,-0.1351401214722688,1.3025535822608674,0.5883498330332523,-0.0022212116627786187,0.0,1.2956050298137147,-0.5749721040900496,-0.18865289086507367,-0.6138003075599898,-0.21774322953939054,0.7132148821688805,0.336099170409135,-1.1682312562117463,0
-0.6230716545900549,0.3385845816050259,0.8390946331923521,0.13865958251512944,0.4929511617611583,-1.1695122572953969,0.8060171339224886,0.0,0.04788146205172681,-0.7299348911935047,-0.30723200370187903,-0.6138003075599898,-0.5418318248667611,-0.8084138798149725,0.336099170409135,0.8559949022787887,0
-0.6230716545900549,-0.2014507426955419,1.8396935156209493,-1.3672387894155609,-1.0410323718172378,0.8308135696303074,-0.6180218559182203,0.0,-0.6651034338122662,-0.11008374277968429,0.31429484200043634,0.0506271289066518,0.5924782587790358,0.2784638073163511,-0.5878503759367468,0.8559949022787887,1
-0.6230716545900549,0.15857280683817,-0.30444694672604455,0.5493591384962269,0.9616683525767793,0.7701976354810436,-1.0028972585778715,0.0,-0.7542265457952654,0.19984183142722597,0.42159880415083606,-0.3582512935343584,1.9814293816106239,2.19532081916614,0.028115988293841057,-1.1682312562117463,1
1.6176350881432364,0.3385845816050259,1.232187051289301,1.439208176455271,0.024233970945537225,0.28527016228693347,-1.0413847988438365,0.0,-0.8433496577782645,1.98191388311696,-0.4559626430933422,-0.6138003075599898,-0.6575777517693934,-1.0257894172412372,-0.5878503759367468,0.8559949022787887,0
-0.6230716545900549,0.24857869422159795,-0.44738964421584415,0.8231588424836251,0.7912257377347353,-1.7150556646387707,-1.0413847988438365,0.0,-1.0215958817442627,0.3548046185306811,-0.053351082628205995,-0.30714149072923214,1.298528412885093,1.6420012693538297,0.6440823525244289,0.8559949022787887,1
-0.6230716545900549,0.06856691945474201,-1.233574480409742,-2.462437605365154,-0.8705897569751938,-0.07842544260864909,0.7675295936565235,0.0,0.3152507980007242,0.5097674056341363,0.1433939624952542,-0.6138003075599898,-0.240892414919917,1.2665344319811909,-0.8958335580520408,0.8559949022787887,0
-0.6230716545900549,-0.4714684048458258,0.23158816886070388,-0.6827395294470653,-0.4444832198700838,0.1034223598391422,1.3833302379119652,0.0,-0.48685720984626796,-0.5749721040900496,2.3568707354489544,0.9706035793989247,1.3795505617169357,0.9305904195951453,1.260048716755017,-1.1682312562117463,1
0.4972817167765908,0.3385845816050259,-0.518860992960744,0.7547089164867755,0.15206593207707023,-0.2602732450564404,1.229380076848105,0.0,-0.9324727697612636,-0.7299348911935047,-0.44582767618421354,-0.25603168792410586,-0.6691523444596567,-0.43294704244233345,-0.2798671938214529,0.8559949022787887,0
0.4972817167765908,0.3385845816050259,-0.9834247598025926,0.6178090644930764,1.8991027342080213,0.3458860964361973,-0.3486090740564646,0.0,1.3847281417967137,-0.7299348911935047,0.11539611640878628,-0.4093610963394847,1.3564013763364091,-0.2353329175093655,0.6440823525244289,0.8559949022787887,1
0.4972817167765908,-0.11144485531211393,-0.30444694672604455,-0.5458396774533661,0.3651192006296253,1.8006685160185276,-0.11768383246067395,0.0,-0.6651034338122662,-0.7299348911935047,-0.37893689458396435,-0.6138003075599898,0.04847240233666382,0.7527377071554742,0.336099170409135,0.8559949022787887,0
-0.6230716545900549,0.3385845816050259,-1.197838806037292,-0.1351401214722688,0.3651192006296253,-0.2602732450564404,-0.6180218559182203,0.0,-0.6651034338122662,1.98191388311696,-0.5435034197709411,-0.6138003075599898,-0.5534064175570244,-0.9665051797613469,-1.2038167401673348,0.8559949022787887,0
-0.6230716545900549,-0.11144485531211393,-0.018561551746445398,0.0017597305214303186,-0.06098733647548478,0.16403829398840597,-0.4640716948543599,0.0,1.1173588058477164,-0.7299348911935047,-0.10453266551930575,-0.6138003075599898,-0.5071080467959714,-1.0257894172412372,-1.5117999222826288,-1.1682312562117463,1
-0.6230716545900549,0.4285904689884539,0.19585249448825398,1.302308324461572,-0.40187256615957284,0.4671179647347248,1.229380076848105,0.0,-0.7542265457952654,1.5945069153583222,-0.5922779480211228,1.4817016074501874,-0.391362119893339,1.2467730194878939,0.336099170409135,-1.1682312562117463,0
-0.6230716545900549,0.3385845816050259,1.3393940744066508,0.34400936050567815,1.1321109674188232,0.22465422813766972,0.03626632860318649,0.0,-0.5759803218292671,0.5097674056341363,-0.5550319446300749,-0.6138003075599898,-0.6228539736986037,-0.5910383423887078,-0.8958335580520408,0.8559949022787887,0
-0.6230716545900549,0.15857280683817,-1.5194598753893411,0.207109508511979,0.23728723949809225,-0.9270485206983418,-0.3101215337904995,0.0,-0.48685720984626796,-0.11008374277968429,-0.295450104670017,-0.6138003075599898,-0.28719078568096995,-0.7293682298417853,0.336099170409135,0.8559949022787887,0
-0.6230716545900549,-0.021438967928685958,-1.197838806037292,-1.0249891594313132,-0.9984217181067269,-0.9876644548476056,1.0369423755182794,0.0,0.13700457403472593,-0.88489767829696,0.6348131705016303,-0.6138003075599898,-0.3450637491322861,0.5353621697292095,1.8760150809856049,0.8559949022787887,1
-0.6230716545900549,0.3385845816050259,-1.3765171778995415,0.2755594345088286,0.4929511617611583,-1.1695122572953969,0.6905545131245933,0.0,-0.5759803218292671,-0.88489767829696,-0.6301573868439911,-0.6138003075599898,-0.7270253079109729,-1.0257894172412372,1.260048716755017,-1.1682312562117463,0
-0.6230716545900549,0.24857869422159795,-0.6260680160780937,-0.1351401214722688,-0.2314299513175288,-0.6845847841012868,-0.4255841545883948,0.0,-0.7542265457952654,-0.5749721040900496,-0.33130255011105963,1.021713382204051,-0.7501744932914993,0.5353621697292095,0.028115988293841057,-1.1682312562117463,0
-0.6230716545900549,0.4285904689884539,0.0171741226260045,0.13865958251512944,1.3025535822608674,0.7095817013317799,-0.8104595572480459,0.0,-1.0215958817442627,-0.88489767829696,-0.5934181317983998,1.3283721990348087,0.06004699502692705,1.3258186694610812,0.028115988293841057,0.8559949022787887,0
0.4972817167765908,0.4285904689884539,0.6961519357025525,0.207109508511979,1.0468896599978013,0.8914295037795712,-0.04070875192874373,0.0,-0.5759803218292671,-0.2650465298831394,-0.6182488007257649,-0.30714149072923214,-0.7270253079109729,-0.07724161756299115,0.9520655346397229,-1.1682312562117463,0
-0.6230716545900549,-5.9618275352349315,0.6246805869576527,0.0017597305214303186,1.2599429285503563,-1.7150556646387707,1.4218177781779304,0.0,-0.2194878738972706,-0.88489767829696,0.34583992650509926,-0.6138003075599898,0.46515773918614023,1.345580081954378,0.336099170409135,0.8559949022787887,0
0.4972817167765908,0.4285904689884539,0.5532092382127529,0.7547089164867755,1.6008281582344444,1.1338932403766262,-0.6565093961841855,0.0,-0.48685720984626796,-0.5749721040900496,-0.5370423783663715,0.7150545653732934,-0.5649810102472875,1.8000925693002041,0.9520655346397229,-1.1682312562117463,0
0.4972817167765908,0.4285904689884539,-0.44738964421584415,0.6178090644930764,-1.083643025527749,0.3458860964361973,-1.0028972585778715,0.0,2.0977130376607067,-0.42000931698659455,-0.6143215010484776,-0.15381208231385332,-0.5997047883180773,0.7527377071554742,-1.5117999222826288,-1.1682312562117463,0
-0.6230716545900549,0.24857869422159795,0.2673238432331538,-0.2720399734659679,-0.10359799018599579,0.5277338988839886,-0.848947097514011,0.0,-0.7542265457952654,-0.88489767829696,-0.32699518917467996,-0.0004826738984744764,-0.240892414919917,0.7527377071554742,0.028115988293841057,0.8559949022787887,0
0.4972817167765908,0.4285904689884539,-0.8047463879403431,0.8231588424836251,0.3651192006296253,0.22465422813766972,-0.7719720169820807,0.0,0.7608663579157199,-0.7299348911935047,-0.6062135275211746,-0.5115807019497373,-0.6112793810083404,-0.2353329175093655,0.336099170409135,0.8559949022787887,0
-0.6230716545900549,0.3385845816050259,0.6246805869576527,1.1654084724678728,0.40772985434013626,-1.351360059743188,0.1517289494010818,0.0,-0.7542265457952654,0.04487904432377084,-0.5688408370437628,-0.4093610963394847,-0.5997047883180773,-0.8084138798149725,-1.5117999222826288,-1.1682312562117463,0
0.4972817167765908,0.3385845816050259,-0.5545966673331939,1.3707582504584217,-1.3393069477908148,1.1338932403766262,-1.0413847988438365,0.0,1.2064819178307156,0.04487904432377084,-0.27796728675177,-0.0004826738984744764,-0.1598702660880744,-0.39342421745573986,0.336099170409135,0.8559949022787887,0
0.4972817167765908,-1.1915155039132495,-1.0548961085474924,-0.2720399734659679,1.7712707730764883,1.436972911122945,-1.0028972585778715,0.0,-0.48685720984626796,-0.7299348911935047,-0.3323160468019725,-0.6138003075599898,0.46515773918614023,0.08084968238338319,-0.8958335580520408,0.8559949022787887,0
-0.6230716545900549,0.4285904689884539,0.7676232844474523,0.07020965651827989,1.3451642359713782,1.0126613720780986,-0.6949969364501506,0.0,-0.8433496577782645,-0.7299348911935047,-0.6043132212257131,-0.6138003075599898,-0.6112793810083404,-0.6898454048551917,-0.2798671938214529,0.8559949022787887,0
0.4972817167765908,0.3385845816050259,1.0892443537995014,-0.8196393814407644,-0.06098733647548478,0.8308135696303074,-0.3101215337904995,0.0,-0.5759803218292671,1.98191388311696,-0.2651718910289951,-0.6138003075599898,-0.738599900601236,-1.0257894172412372,1.5680318988703108,-1.1682312562117463,0
-0.6230716545900549,0.3385845816050259,-0.26871127235359465,0.2755594345088286,1.6434388119449554,0.5277338988839886,0.1132414091351167,0.0,-0.5759803218292671,-0.5749721040900496,0.2864236830003325,-0.2049218851189796,1.1364841152214078,-0.19581009252277193,1.5680318988703108,0.8559949022787887,1
0.4972817167765908,0.06856691945474201,0.6604162613301027,-2.0517380493840567,-1.4671389089223479,0.16403829398840597,-0.9644097183119064,0.0,1.4738512537797128,0.04487904432377084,0.01797374699478698,-0.6138003075599898,-0.4029367125836023,1.4048643194342683,1.8760150809856049,0.8559949022787887,0
-0.6230716545900549,0.4285904689884539,0.2673238432331538,1.0285086204741738,0.7486150840242243,1.1338932403766262,-0.9259221780459412,0.0,0.8499894698987189,-0.5749721040900496,-0.6016527924120667,1.0728231850091772,-0.6691523444596567,1.4641485569141588,1.260048716755017,-1.1682312562117463,0
-0.6230716545900549,0.06856691945474201,0.8033589588199023,-0.6827395294470653,-1.211474986659282,0.1034223598391422,-0.8874346377799761,0.0,-0.2194878738972706,-0.7299348911935047,-0.22247834292429058,-0.25603168792410586,-0.5071080467959714,0.6539306446889902,-1.5117999222826288,0.8559949022787887,0
-0.6230716545900549,-2.811621476814953,0.0886454713709043,-1.5041386414092601,0.6633937766032023,1.5582047794214726,-0.6949969364501506,0.0,-0.6651034338122662,-0.5749721040900496,4.56464658951627,-0.5626905047548635,1.8541088620177284,1.9581838692465785,0.028115988293841057,0.8559949022787887,1
-0.6230716545900549,0.4285904689884539,-1.0548961085474924,-0.3404898994628175,0.23728723949809225,-0.32088917920570414,-0.9259221780459412,0.0,1.8303437017117095,-0.88489767829696,-0.5734015721528706,1.7883604242809452,-0.5534064175570244,1.068920307048223,0.9520655346397229,0.8559949022787887,0
-0.6230716545900549,0.3385845816050259,-0.48312531858829405,1.1654084724678728,0.8764470451557573,0.5883498330332523,-0.6565093961841855,0.0,1.4738512537797128,-0.2650465298831394,-0.36335438296117906,-0.5115807019497373,-0.784898271362289,-1.0257894172412372,1.5680318988703108,-1.1682312562117463,1
0.4972817167765908,0.3385845816050259,-1.0906317829199423,1.6445579544458198,-0.3592619124490618,0.406502030585461,-0.6949969364501506,0.0,-0.7542265457952654,-0.11008374277968429,0.4649257876873611,1.58392121306044,0.4188593684250873,1.345580081954378,-1.2038167401673348,-1.1682312562117463,1
0.4972817167765908,0.3385845816050259,0.9820373306821517,0.4124592865025277,0.8338363914452463,0.28527016228693347,0.9984548352523142,0.0,1.2956050298137147,0.04487904432377084,-0.5267807243708788,-0.6138003075599898,-0.7038761225304464,-0.4527084549356302,1.5680318988703108,-1.1682312562117463,0
-0.6230716545900549,0.3385845816050259,0.8033589588199023,0.207109508511979,-0.7427577958436609,-0.5633529158027593,0.6135794325926631,0.0,-0.13036476191427146,-0.42000931698659455,-0.4166896463204686,-0.6138003075599898,-0.5186826394862346,0.3772708697828351,0.336099170409135,-1.1682312562117463,0
1.6176350881432364,0.4285904689884539,0.4460022150954033,0.686258990489926,-0.9984217181067269,-0.5633529158027593,-0.3486090740564646,0.0,0.4043739099837233,0.9746557669445016,-0.6259767129939755,-0.6138003075599898,-0.7270253079109729,-0.6898454048551917,-0.5878503759367468,-1.1682312562117463,0
0.4972817167765908,-6.141839310001788,0.7318876100750025,-0.47738975145651663,1.4729961971029113,-1.957519401235826,2.345518744561093,0.0,1.4738512537797128,-0.42000931698659455,0.6821941408018068,-0.6138003075599898,0.6735004076108784,1.1084431320348165,-0.2798671938214529,0.8559949022787887,0
0.4972817167765908,0.4285904689884539,0.7318876100750025,-0.20359004746911838,-0.8705897569751938,1.3763569769736812,-0.8874346377799761,0.0,-0.8433496577782645,-0.7299348911935047,-0.010150786178045063,1.8394702270860714,1.0786111517700916,1.2467730194878939,-0.5878503759367468,0.8559949022787887,0
-0.6230716545900549,0.15857280683817,0.0529097969984544,-0.20359004746911838,-1.850634792316947,-1.6544397304895069,1.999130882167407,0.0,-0.7542265457952654,-0.5749721040900496,0.18216021092267135,-0.6138003075599898,1.148058707911671,-0.6503225798685982,1.260048716755017,0.8559949022787887,1
1.6176350881432364,0.4285904689884539,0.6246805869576527,-0.1351401214722688,1.5156068508134224,0.5883498330332523,-0.19465891299260416,0.0,2.186836149643706,-0.7299348911935047,-0.6167285556893957,0.7150545653732934,-0.6575777517693934,2.19532081916614,-0.8958335580520408,-1.1682312562117463,0
-0.6230716545900549,0.3385845816050259,-0.9476890854301427,1.3707582504584217,1.3025535822608674,-0.6845847841012868,-0.6565093961841855,0.0,-1.110718993727262,-0.11008374277968429,0.027221904299366887,1.021713382204051,-0.25246700761018026,-0.7096068173484885,1.5680318988703108,-1.1682312562117463,1
-0.6230716545900549,0.15857280683817,-1.4837242010168912,0.6178090644930764,0.06684462465604823,-0.6845847841012868,0.6520669728586282,0.0,-0.7542265457952654,0.04487904432377084,2.197118319543814,2.6061172691629655,3.682894507079319,1.8198539817935009,-1.5117999222826288,0.8559949022787887,1
1.6176350881432364,-0.11144485531211393,-0.23297559798114478,0.8916087684804747,1.7286601193659774,0.9520454379288349,-0.8874346377799761,0.0,-0.6651034338122662,-0.88489767829696,2.0139287926613134,2.0439094383065766,3.659745321698793,1.6420012693538297,-1.2038167401673348,0.8559949022787887,1
-0.6230716545900549,0.06856691945474201,-0.9476890854301427,0.34400936050567815,-0.4870938735805948,-1.0482803889968693,1.6912305600396862,0.0,-0.39773409786326885,-0.7299348911935047,-0.49637582364349275,-0.30714149072923214,-0.4839588614154449,-0.9072209422814564,-0.2798671938214529,0.8559949022787887,0
-0.6230716545900549,0.3385845816050259,0.2673238432331538,-1.2303389374218618,-1.594970870053881,-1.4725919280417157,2.1145935029653025,0.0,-0.5759803218292671,-0.88489767829696,-0.6309175093621758,-0.4093610963394847,-0.5997047883180773,-0.9269823547747532,0.336099170409135,0.8559949022787887,0
-0.6230716545900549,0.3385845816050259,-1.3407815035270916,-0.1351401214722688,-0.6575364884226388,-1.0482803889968693,0.1517289494010818,0.0,-0.48685720984626796,0.19984183142722597,-0.5684607757846704,-0.25603168792410586,-0.7617490859817625,-0.9467437672680501,-0.8958335580520408,-1.1682312562117463,0
-0.6230716545900549,0.4285904689884539,1.6967508181311497,-1.1618890114250122,-0.6149258347121278,1.5582047794214726,-1.0413847988438365,0.0,-0.48685720984626796,-0.5749721040900496,-0.3385237140338138,1.379482001839935,-0.1367210807075479,0.7724991196487709,-0.2798671938214529,0.8559949022787887,0
